"station","format","tsr_bucket","include","complete_quarters","complete_months","2015-01-01","2015-02-01","2015-03-01","2015-04-01","2015-05-01","2015-06-01","2015-07-01","2015-08-01","2015-09-01","2015-10-01","2015-11-01","2015-12-01","2016-01-01","2016-02-01","2016-03-01","2016-04-01","2016-05-01","2016-06-01","2016-07-01","2016-08-01","2016-09-01","2016-10-01","2016-11-01","2016-12-01","2017-01-01","2017-02-01","2017-03-01","2017-04-01","2017-05-01","2017-06-01","2017-07-01","2017-08-01","2017-09-01","2017-10-01","2017-11-01","2017-12-01","2018-01-01","2018-02-01","2018-03-01","2018-04-01","2018-05-01","2018-06-01","2018-07-01","2018-08-01","2018-09-01","2018-10-01","2018-11-01","2018-12-01","2019-01-01","2019-02-01","2019-03-01","2019-04-01","2019-05-01","2019-06-01","2019-07-01","2019-08-01","2019-09-01","2019-10-01","2019-11-01","2019-12-01","2020-01-01","2020-02-01","2020-03-01"
"88.1 WVPE","News","4. Small (<$2M)",TRUE,21,63,11044,9123,9096,6137,5856,4576,4307,4265,4396,5053,4214,4528,5516,5563,7285,5256,3892,4203,5452,5474,5313,6681,7793,8841,10306,8883,10059,7116,8684,6705,7109,7137,8995,9492,7786,7659,8068,7985,10462,7684,8593,9487,9322,7630,5707,7562,10715,7384,7142,7852,17739,16408,13016,25500,18160,27424,18037,20432,23849,21636,25170,20478,59326
"88.9 KETR","News","4. Small (<$2M)",TRUE,21,63,28766,17806,20589,24023,16552,14923,14312,24500,26891,11231,14668,10889,16503,13187,12072,21195,25015,13865,24515,9785,13940,21010,12507,10062,8704,14539,24562,16149,16343,15403,24000,22333,17033,15291,25825,19028,15979,14645,11648,17675,23899,20991,16297,14898,12691,14196,16025,16386,21755,18214,14043,13960,15760,12918,17376,14149,12538,25120,16107,16066,15243,25116,41273
"88Nine RadioMilwaukee","Other/Unknown",,FALSE,4,12,,,,,,,,,,,,,,,,,,,,,,,,,,,,,,,,,,,,,,,,,,,,,,,,,,,,23980,47476,74981,85580,75258,71427,86473,53841,65220,59555,70800,101937
"89.9 WWNO New Orleans Public Radio","News","3. Medium ($2M+)",TRUE,21,63,46129,41093,43576,31971,32130,35639,33999,38099,30034,39136,30564,33572,34830,39735,43469,33984,49627,32056,43395,33754,37244,38405,30299,33985,39541,37342,36976,36646,42562,33389,33812,43048,40712,59346,43902,37896,47926,42086,46767,44312,43670,43318,46849,40679,41812,49968,46276,45398,53360,56734,52678,53470,52629,43718,54521,48466,55004,88838,60691,62771,59765,69642,171487
"Alabama Public Radio","News","4. Small (<$2M)",TRUE,21,63,24096,21829,17832,14071,8784,13402,9155,11914,9447,10452,9156,8816,14077,11310,12152,12040,10964,9937,9926,9955,11406,14310,21572,11475,15659,12504,11842,29045,17784,11369,11076,17506,15895,19085,20183,19851,20712,19590,19564,23503,27214,21458,139059,19144,13415,14589,16073,14547,16470,15993,15819,21337,15428,14431,14819,24784,22489,27804,27660,21878,23523,26498,74580
"Blue Ridge Public Radio","News/Music","3. Medium ($2M+)",TRUE,21,63,24896,21758,19153,12815,13025,10867,15438,12398,11106,13740,11760,17450,14140,15104,15787,16518,25655,26158,23743,17371,17438,38459,28109,18232,22774,25126,28769,17247,15191,13975,16204,22172,18640,20224,22536,17286,19412,17496,22812,21238,23801,19830,29393,24244,27373,25936,30189,34259,35586,32504,36066,35699,48381,37305,46543,43844,41209,45282,56321,64055,56718,53977,127363
"Boise State Public Radio","News/Music","3. Medium ($2M+)",TRUE,21,63,142391,49491,54635,51169,42834,69664,43406,41901,46463,56922,31906,62762,64049,46049,48177,39873,41961,39068,39212,37097,51053,35970,32135,32284,41525,51303,44137,43815,44478,43636,82726,62330,51812,56613,45451,43204,55364,46705,50810,71414,68525,56648,141629,58912,53975,65363,65164,47401,75437,58477,77652,80606,60493,74869,81585,84816,65501,94694,97365,162933,158312,86499,213558
"Capital Community Broadcasting","News","4. Small (<$2M)",TRUE,21,63,94222,46253,48183,51612,49605,51442,75264,61433,62020,65431,63249,75311,93062,121793,64702,76407,65887,73463,217958,58306,76877,64307,53254,66306,65406,56147,72907,75984,72369,109851,75617,82558,68660,79214,51125,69842,92028,93154,98360,87132,74048,141033,98248,91779,78288,88316,95271,114634,119544,91536,81452,152240,97882,101382,134514,112049,125173,88676,90008,85854,96590,183697,270550
"Capital Public Radio","News","2. Large ($5M+)",TRUE,21,63,179898,154358,161302,162817,143643,167073,187186,193494,288749,169754,136473,152723,168968,161853,177561,210300,324201,170246,180449,167307,215180,181159,230266,162718,210381,277408,256320,170380,170070,153175,174329,184130,137609,168359,129676,147406,205598,185841,296003,216794,251167,278576,222711,189407,180153,270957,491654,156276,254552,195032,173606,162185,156046,149464,120104,139878,145924,190256,142792,161343,197540,180992,548357
"Cincinnati Public Radio","News","3. Medium ($2M+)",TRUE,21,63,54117,51990,46712,41094,35326,34176,76824,172902,68545,79817,60816,72452,76544,58846,88144,144159,66090,59013,61354,59760,78274,77558,95433,65070,93137,112618,93913,96789,72138,69501,64780,78217,119993,91215,84784,90524,99628,98393,92758,137656,109948,91021,128267,181943,111640,145169,159521,127520,151314,167749,178736,138329,178446,168589,151144,158215,148394,166723,160704,182681,166029,158794,337822
"CMU Public Broadcasting","News","3. Medium ($2M+)",FALSE,12,35,,,,,,,,,,,,,,,,,,,,,,,,,,,,,2826,3826,3308,5264,4447,5128,4899,4266,4934,4676,6672,5621,4201,3826,4684,4408,4084,5110,9387,4107,4389,4267,4523,4289,4780,5009,6433,6893,5787,5952,5354,6016,5471,5446,6583
"Colorado Public Radio","News","1. X-Large ($10M+)",TRUE,21,63,163602,185848,288932,183146,170061,211750,173206,175837,180871,216448,162043,167291,191947,248138,238835,204655,258955,180106,176493,209274,185204,265128,294234,175916,188809,180795,175039,183774,183938,169483,217096,202282,162656,179705,184875,166436,211557,194358,221054,205991,214251,284868,237481,290052,241632,455726,513844,288416,426877,311173,461493,545191,439712,365421,502625,405023,364037,410368,577600,454686,572120,564577,2882603
"Delmarva Public Radio","News/Music","4. Small (<$2M)",TRUE,21,63,18293,16212,12963,9994,8421,10716,8464,7686,5317,7941,7863,6495,8376,7335,7761,9434,8666,7898,10897,8091,5681,6895,5919,5664,7724,11183,7929,7852,6559,9169,6620,7716,7599,5942,5369,4874,5929,5972,7702,6829,6565,6433,6568,6187,7416,8152,10624,6622,7039,6557,8508,8047,6929,8012,9335,9253,10278,13034,10121,11021,13508,16139,13469
"Georgia Public Broadcasting","News","2. Large ($5M+)",FALSE,19,55,,3712,4998,4529,3734,,,,,,,,3641,4368,22770,26187,31839,20648,44517,26214,23083,66256,26205,33155,35857,29570,40408,32306,30571,27353,42067,35576,33976,28275,29121,26389,27947,26235,35412,29337,33050,31891,32390,41757,27323,42010,39304,29705,56619,73900,79473,74623,52456,58029,201743,96780,110011,84026,138829,98629,164394,132149,431495
"Hawaii Public Radio","News/Music","2. Large ($5M+)",TRUE,21,63,17958,20373,11892,10565,14023,16350,13672,14258,21975,6508,14967,16060,22234,27525,33298,32757,26517,33742,166674,36769,35178,30670,54715,32131,35868,43565,34768,36388,34138,34237,39442,48445,42832,38382,44130,37205,69729,37861,53180,41153,81580,58257,53009,50932,38029,44669,46209,44927,44672,55766,61491,64186,63666,67472,98092,92433,85447,94678,79807,108746,116715,157521,552395
"High Plains Public Radio","News","4. Small (<$2M)",TRUE,21,63,5588,3138,3302,4720,3537,5872,5235,4652,6310,5954,9436,7119,10884,7686,8206,8470,8739,8596,9144,8972,9003,18038,27480,12364,14074,58224,19555,12334,19564,22159,24452,16785,17757,25169,25836,17253,18869,15655,18877,19056,18577,16979,19731,18168,18297,19102,24524,16172,23680,27514,26081,36466,24682,30552,32277,38030,27582,26654,27931,30259,24704,30700,171477
"Houston Public Media","News","1. X-Large ($10M+)",TRUE,21,63,86792,88531,99597,103544,99555,102996,92269,100396,108448,151273,220176,232317,311435,199335,250795,198690,185918,197861,192996,206714,200615,153170,148540,151576,190640,185032,155972,245027,147425,135371,135721,529305,295027,179938,165113,145249,182568,167343,249727,224506,231758,199792,218266,213509,214824,284253,242964,186382,227659,236105,252305,251410,269254,214783,217669,178535,196781,186696,184462,159095,177132,229733,433247
"Illinois Public Media","News/Music","3. Medium ($2M+)",TRUE,21,63,30433,26420,23788,21443,16928,20850,18602,26339,21112,21209,20619,19340,25354,25022,24970,24948,21013,20384,18843,19851,22682,22493,23855,20610,27328,24061,30027,24548,21911,25426,28826,30644,28054,27279,25114,24584,28824,31938,65752,30339,30794,27726,24349,28123,28772,40616,34523,35715,49262,37787,37919,46330,48249,55423,42505,62207,67888,48553,43690,42872,42454,31979,61129
"Indiana Public Media / WFIU","News/Music","3. Medium ($2M+)",TRUE,21,63,191740,203549,214279,223109,219257,182767,169210,172689,185222,205770,194937,183163,215716,222105,242863,231723,228766,253314,218266,217225,226961,252598,230319,200326,226580,224201,439447,238058,245234,220889,220587,231875,233597,256869,240280,205307,262163,249884,123650,261239,279036,246800,242246,238897,252641,305138,281079,263444,308351,268905,273828,253448,277897,253555,301085,308824,242589,374188,262675,245533,282384,306044,488902
"Indiana Public Radio","News/Music","4. Small (<$2M)",FALSE,11,33,,,,,,,,,,,,,,,,,,,,,,,,,,,,,,,4628,7717,5401,5128,4866,5448,5888,5508,6354,5666,5288,4138,4816,4082,3657,4525,4633,4092,5320,5036,6338,5714,5806,5776,6626,7734,4608,8639,7338,12285,10000,4980,20915
"Interlochen Public Radio","Music","3. Medium ($2M+)",TRUE,21,63,22549,19882,18852,18650,20688,14441,20934,17718,15603,16469,12510,14335,16567,14435,15183,25360,14949,13715,23034,25264,16767,16635,15241,14458,25045,15235,20299,16244,20599,22542,20671,20207,16558,22592,19172,21494,31933,20619,18662,18841,22142,23152,31943,26835,19720,23236,21610,20568,22843,19854,21843,19945,22621,18910,24707,31358,31200,39585,24704,32203,37158,94259,91074
"Iowa Public Radio","News","2. Large ($5M+)",TRUE,21,63,84521,84878,59451,76063,54092,46926,47124,45334,49411,46914,42010,53645,107013,57002,106366,51040,48133,70273,47061,45977,63070,234557,53967,157774,76728,90651,70970,69217,52113,61963,57321,69081,60263,59580,50930,63674,64179,56923,66756,70587,81085,70475,71918,77423,65288,69341,98820,78667,80356,67164,77465,103515,76083,136699,68423,72146,71760,88391,77752,93388,105201,119659,218972
"Jefferson Public Radio","News/Music","3. Medium ($2M+)",TRUE,21,63,36258,30916,27790,24367,25616,24965,28554,37288,24100,25729,22679,26524,26097,28451,30872,23824,24854,25604,23815,26546,27059,37172,26590,24404,30266,28877,30569,27462,34197,29976,26444,37116,45976,25704,26468,25385,27904,24807,29966,31950,29236,32949,62647,32831,27326,34469,35765,32215,36546,37126,39046,33474,39269,31510,41108,48149,40536,41741,63729,48022,106694,49616,62359
"KACU","News","4. Small (<$2M)",TRUE,21,63,14192,9473,7228,4138,2520,2855,2096,1987,1709,1339,937,855,1600,1108,1961,1255,1443,963,1027,1142,1151,1248,1860,1303,1927,1106,1462,1334,1236,1910,1573,1940,1619,1297,1355,1064,1293,1709,3345,3213,3934,2522,1624,1594,1642,2065,1597,1395,1772,2168,3134,2934,9045,1744,2018,25491,9334,5203,11459,2895,1921,1875,1701
"KAJX","News","4. Small (<$2M)",TRUE,21,63,9960,11142,11610,7493,9635,13483,10794,11022,10371,10770,8923,11346,10017,13280,12422,10892,8768,10848,9896,13809,9648,10782,11597,11370,11420,10261,11145,10091,9371,10211,13452,28152,13421,13996,9536,11495,10156,10176,9732,8799,8550,13277,45810,10325,10061,9273,13193,10927,11290,9386,11453,9868,10474,11003,11911,12675,12118,19947,14451,18692,22602,12233,42667
"KALW","News","3. Medium ($2M+)",TRUE,21,63,66642,52429,65358,67521,49231,46111,56319,42886,57161,49540,60513,63450,121994,50748,59114,58625,57805,52998,46745,52281,58302,68073,57427,47250,61718,49627,59977,58898,67074,47340,52773,61372,58543,56813,57236,54670,57012,61230,64488,58999,73669,65216,66169,55859,63030,78184,76999,52512,63775,62049,71385,60590,77871,81200,57598,60557,74154,76003,66605,62009,65177,86557,132293
"KAMU","News/Music","4. Small (<$2M)",FALSE,10,29,,,,,,,,,,,,,,,,,,,,,,,,,,,,,,,,,,,887,4576,2661,2808,3277,3734,7536,2518,2915,4964,4641,4401,4254,6427,3113,3239,2963,4226,8488,2440,2489,3510,3500,3225,3083,4775,3770,3815,4567
"Kansas Public Radio","News/Music","3. Medium ($2M+)",FALSE,11,31,,,,,,,,,,,,,,,,,,,,,,,,,,,,,,,,,14600,22237,20690,18323,20653,18607,22268,20973,23278,26096,25799,26118,22590,24376,25920,24830,30602,30606,34712,28636,34430,39124,33743,33827,32985,48371,38321,34353,41229,36323,57269
"KANW","News","4. Small (<$2M)",TRUE,21,63,19051,15270,12401,9547,7946,7108,7616,7543,6901,6955,6241,6520,7503,7131,9272,7690,7833,8649,10939,10774,10820,11921,11068,11798,12039,10965,13453,13240,13818,13114,12342,12219,11726,14537,12552,12184,11479,10875,11803,10417,11486,11204,12303,9668,10176,10186,11133,7845,7183,7580,9392,9042,11132,9572,9520,9955,11300,10527,10109,10287,11912,11296,19085
"KASU","News","4. Small (<$2M)",TRUE,21,63,12996,11457,9104,7950,3401,2754,3371,5743,3313,2594,2326,2986,3744,5718,6448,3731,4423,3876,5039,8671,4865,5502,5849,6121,6176,8584,6413,5272,6486,11741,6429,8130,7191,15981,5495,5113,5581,6042,7205,5514,9042,6567,7351,4892,4212,8126,10220,3727,4718,6113,4932,4739,3949,6898,11170,15734,9351,9733,6909,6680,6656,6688,37850
"KAWC","News/Music","4. Small (<$2M)",TRUE,21,63,15035,8404,7095,5124,2921,2676,2167,1828,2403,1249,1127,1777,1823,2286,2170,2062,1662,1089,1753,1901,2827,2754,3497,3611,2748,3646,3766,5248,3449,5339,2672,3108,3080,3723,3163,3251,2924,2172,2897,2703,2553,2680,3035,3505,2244,3859,5258,9923,2960,3133,3266,3818,4626,4400,10669,6423,4732,9869,8316,5442,6140,7879,62694
"KAZU","News","4. Small (<$2M)",TRUE,21,63,8777,8048,9312,6539,7350,6837,7728,7973,8719,9243,9706,8517,9310,9860,10712,9756,11945,12350,21534,15172,17366,14168,13721,15088,18491,14678,13895,10728,12563,13010,21846,13894,15267,19276,14322,18688,19936,16582,13257,12057,11552,11490,13876,13371,12705,12838,20980,12329,15915,15401,16324,13572,13042,14655,13016,13113,17344,23410,22706,17158,17111,20866,41845
"KBBI","News","4. Small (<$2M)",TRUE,21,63,5991,5587,6819,6460,5256,5074,9406,6949,4667,4469,3264,7409,7992,6330,6842,9809,6183,4369,4693,6069,6030,6095,5319,12030,6434,6705,5407,4733,5016,5812,5721,4856,6168,6417,4579,6045,10647,5617,11142,8145,9084,7986,7514,7404,5527,16713,9535,16951,9761,11430,9480,8768,9522,12765,10995,23430,11207,11510,10898,11241,15425,7585,17583
"KBIA","News","4. Small (<$2M)",TRUE,21,63,31293,30104,37816,35666,24104,21037,19818,39267,22594,26535,119386,36570,25614,35558,27698,25045,24516,19941,22803,24333,31232,29855,31289,20896,26378,30077,30262,29798,24502,22920,29024,32797,24853,25004,25748,18077,28043,30810,30733,26630,23893,26518,27367,25693,32599,41671,36530,25312,29951,30486,30917,41295,32500,26392,37031,29578,34019,36604,36265,43928,38674,50693,72836
"KCBX","News","4. Small (<$2M)",TRUE,21,63,26338,20721,15122,16724,14000,13873,14419,16698,12322,14633,11118,16362,14887,12288,14682,14926,13682,28960,15398,18296,23161,19000,14648,13204,19351,18411,17824,15120,15465,13360,28822,15570,15618,16081,14710,117402,26395,16951,20359,86367,21088,23828,18812,17346,17359,18292,33316,26447,20519,23113,21799,25315,104809,18278,23869,23508,29187,30248,27389,24803,24969,21578,52965
"KCCU","News/Music","4. Small (<$2M)",TRUE,21,63,12601,7714,5029,3717,4453,2347,2328,2261,1557,1306,1052,1025,1233,1146,1339,1261,1229,1195,1802,1323,1097,1486,1127,1013,1313,1100,1117,1228,1566,1381,1142,1408,1142,930,808,892,1014,1142,1271,1312,1261,1213,1476,1443,1316,2166,3594,1536,3327,3719,2384,2740,4252,4616,8477,3776,18497,4971,7445,4486,4433,3107,4989
"KCLU","News","4. Small (<$2M)",FALSE,17,49,,,,,,,,,,,,,,,13472,15749,13562,15069,15813,14646,14039,15894,15663,16323,18155,19164,22008,16835,18270,18710,34924,20259,24260,25352,18409,54792,26661,20472,27638,23710,22633,24562,26473,23855,19032,19817,30236,28344,33395,37745,34960,31478,33523,29891,33280,33029,33551,56753,48527,33367,37813,48768,110474
"KCND","News/Music","4. Small (<$2M)",TRUE,21,63,5029,3930,2358,7683,1286,952,1646,1062,1096,1724,1305,1282,1269,1478,1820,1987,1536,1330,3311,17254,11195,11092,8961,9427,9788,10070,9492,9689,8940,8434,10641,11565,13162,12332,11392,10280,12137,11655,13319,12294,10733,10782,13298,13234,13358,16452,15248,12369,14710,6317,8000,7651,6777,7945,7175,7923,6727,7953,7317,7290,26920,8327,18663
"KCSM Jazz 91.1","Music","3. Medium ($2M+)",FALSE,7,20,,,,,,,,,,,,,,,,,,,,,,,,,,,,,,,,,,,,,,,,,,,,11243,17214,15712,15319,16494,16689,13940,11541,10509,10671,9701,9769,10577,10357,9874,9976,10118,9915,9637,9655
"KCUR","News","2. Large ($5M+)",TRUE,21,63,142650,132716,156890,153976,203954,159470,208317,150563,142383,164339,158967,138183,219364,142346,167935,189484,182531,178381,176993,213079,155057,178029,199543,147099,186283,186221,194670,173817,187754,186519,208633,254262,219819,206529,195332,168042,198431,192935,248530,206133,233769,268152,274738,285390,210773,363345,386660,247666,278449,322352,336698,387501,332983,364290,415141,326983,367326,455951,462962,382794,534542,544568,1066931
"KDLG","News/Music","4. Small (<$2M)",TRUE,21,63,10591,14837,12076,9460,10866,14778,21782,14404,13973,14552,13735,10562,17783,15534,19213,16782,15607,20598,35626,11852,21322,17695,27411,14234,23237,19529,17338,17785,25199,23583,43206,42771,20752,20416,19414,23012,15673,13393,16951,16805,16492,26078,52180,22448,14123,19399,21615,21378,19083,18763,14637,15809,14254,20766,38346,20338,14099,15272,14978,13503,13175,14759,18414
"KDLL","News",,FALSE,12,36,,,,,,,,,,,,,,,,,,,,,,,,,,,,644,1240,1975,733,1527,2101,1521,827,938,1519,814,1263,2349,1631,2226,2620,2179,2004,2474,1793,1598,1593,1442,1462,1769,1586,2388,2189,4424,2757,1961,2621,2553,2610,2661,3608
"KDNK","News/Music","4. Small (<$2M)",FALSE,15,43,,,,,,,,,,,,,,,,,,,,,2841,3272,2663,2953,2918,2814,3493,2824,2520,3183,3965,4866,3773,4204,3463,3531,4344,4987,4901,4529,4964,5238,13383,5220,4831,8800,7209,5240,5992,6281,5896,6275,7001,5214,5739,6417,6516,7309,6850,6549,7729,6736,15320
"KEDM","News/Music","4. Small (<$2M)",TRUE,21,63,518,2277,1776,3901,3205,2460,2134,2007,1992,2318,1495,1367,1606,2095,5041,1842,1574,1549,1864,3550,2510,2716,2268,1958,1698,5195,22657,5124,3232,3868,4401,3954,7053,6829,4408,3797,5497,15854,7475,4587,5726,4180,4467,10721,4423,5998,4880,3420,5520,4827,5373,6292,5600,4041,4108,5399,42600,10092,13385,7150,7070,9462,16526
"KEMC","News","4. Small (<$2M)",FALSE,17,50,,,,,,,,,,,,,,1206,5026,5885,5413,4663,4871,5424,5560,6449,6140,5729,7818,6319,9931,9113,8284,8195,8905,9090,10938,8061,7272,7354,9138,8209,8621,9419,10595,11944,11180,9470,11192,9577,10038,8859,9111,8019,8419,9274,9787,9350,12994,11845,11986,16961,19159,12938,34379,20860,26938
"KENW","News/Music","4. Small (<$2M)",TRUE,21,63,16028,10022,14969,6058,4395,3625,3323,2916,2334,2390,2187,2151,2727,2356,2416,2341,2255,2107,2132,2406,2419,2603,2219,2200,2646,2439,2713,2537,2515,2390,2649,3544,2754,2510,2183,2149,2829,2569,2392,5965,2618,2489,2483,2094,2429,2740,3063,2146,2441,2228,2342,1912,2037,3047,3229,3303,8660,4293,8882,3195,3798,2490,2590
"KERA","News","1. X-Large ($10M+)",TRUE,21,63,339825,273784,484669,325695,358176,309723,347554,277613,285816,333202,287549,358240,359310,372100,402815,345443,309704,348085,346643,315064,350078,360095,347383,294149,340797,353462,342975,307952,373471,278073,297013,283444,335758,310996,262774,252654,330156,287921,347872,362252,320862,283351,352611,291511,271463,280716,277263,257033,323021,309709,307517,373725,323787,340079,306290,394862,347931,448228,341171,327051,335228,314913,533378
"KEXP","Music","2. Large ($5M+)",TRUE,21,63,511134,417405,430869,431260,453280,388507,521302,430734,378156,383630,398936,427758,490795,404660,356422,423912,442495,343223,367393,395439,391059,373209,372317,363488,403297,363745,419541,381787,407683,353698,358747,399208,364215,378107,351619,348307,382026,197838,219523,224026,247951,244591,206079,216134,184640,197611,194398,201212,203219,204192,199075,193185,183727,174565,170726,197774,184191,192994,186257,157558,182326,176024,206153
"KGOU","News","4. Small (<$2M)",TRUE,21,63,39129,29323,45729,27359,67155,24691,33652,16840,19525,30257,22726,31010,25527,27483,34165,30384,26522,69398,40591,25488,24759,29916,26802,19107,21124,23825,26700,23747,20518,21589,19938,21528,22409,27778,23301,20876,27648,26585,29485,32497,27679,38433,30091,23718,26183,31367,28054,35188,36080,34847,41171,41192,42271,41201,41895,44105,45219,51178,45781,44970,48671,48659,53842
"KHSU","News","4. Small (<$2M)",FALSE,16,47,,,,,,,,,,,,,,,,,2637,3260,3852,3572,3708,4476,4095,4892,4449,4953,5396,7988,6676,5043,4702,5224,6962,6965,7488,8403,7429,7213,9682,9137,9593,8510,10978,6959,6200,6842,9235,7132,9532,7871,7315,8614,3983,3222,4085,3336,3117,4452,4706,4109,3537,3284,3374
"KIOS","News","4. Small (<$2M)",TRUE,21,63,18080,14124,11699,10719,7518,7178,6466,8281,7740,7320,6177,6552,6164,6875,6515,6233,6349,6462,7090,9695,6684,8211,8995,8737,11008,7622,9443,8585,9748,7522,7430,8329,7821,9221,8123,55679,9251,8233,8836,9365,8694,9402,8881,9043,7608,8782,8860,7547,9615,7475,16096,10755,10070,9557,10252,10592,11716,12891,13863,11488,11968,12468,22128
"KISU","News","4. Small (<$2M)",FALSE,19,55,,,,,,,,,61,302,220,235,227,238,256,347,252,284,271,273,246,284,262,237,216,228,204,221,239,236,221,294,358,812,828,1125,1372,1042,944,964,991,837,1061,906,950,986,917,973,941,812,824,886,851,916,796,866,999,1173,1094,1218,1103,1136,1354
"KJZZ","Other/Unknown",,FALSE,6,16,,,,,,,,,,,,,,,,,,,,,,,,,,,,,,,,,,,,,,,,,,,,,,,,74500,208321,144966,132074,154879,138578,164288,179555,155554,164122,197939,191371,198874,283274,219846,543494
"KLCC","News","3. Medium ($2M+)",TRUE,21,63,32043,33287,21039,21946,17802,24668,20067,18283,18801,20886,19107,21659,27652,28339,20269,22897,19920,21900,24139,24864,26225,26650,25897,35473,32488,36656,29160,24586,26514,38722,23927,27180,24667,21800,23326,20770,29204,28098,27966,23016,33047,25738,29099,27346,167376,31710,28323,32277,42233,45267,33506,38186,41397,39843,44477,43144,39097,52868,45490,43147,57122,54474,91809
"KMUW","News","3. Medium ($2M+)",TRUE,21,63,30180,45668,45773,21798,20515,48489,29423,27844,47693,26765,30446,34224,25637,55235,30932,33906,42871,29637,35279,36149,27307,32421,27077,28671,32423,35581,42351,55167,29338,33917,25295,31038,27885,30574,25859,23950,28151,26790,30539,34020,35465,33770,40814,31339,31023,35671,52120,38980,41318,35224,29318,32276,39325,31040,28415,33748,37608,62538,75074,42516,38531,38591,52135
"KNAU","News/Music","3. Medium ($2M+)",TRUE,21,63,26064,21971,24663,19812,16191,19013,13854,22051,17362,16584,12070,12721,17013,17544,22915,18066,25174,19420,24950,21091,23523,17394,17106,20595,18411,18195,22086,28820,21804,28079,25404,21455,21175,27138,32866,20304,26445,23332,24899,27498,30222,28417,26082,49301,39404,36088,31524,30188,38933,47488,69255,68797,43411,53644,100184,51610,51305,61272,110200,58555,124935,75711,130734
"KNBA KBC","Music","4. Small (<$2M)",TRUE,21,63,14896,9064,7049,6665,3921,3650,3394,3929,4337,3166,2464,2599,2662,3293,3053,2737,2790,2107,2674,2492,3001,3320,2772,3298,3146,2359,3173,2880,4044,3291,2834,2704,2326,2622,2826,5470,2569,2479,3023,2967,2604,2421,2488,2310,3131,3040,3422,3695,3177,4538,2948,3548,4008,3836,3726,3698,3543,39794,32478,4403,4347,4392,4369
"KNKX","News/Music","2. Large ($5M+)",TRUE,21,63,135038,138774,117900,115015,119781,97465,123558,132122,126376,130951,154160,145781,159092,153805,177804,167967,163781,143491,141449,147659,191786,326296,196561,189412,199675,176715,201761,246965,245601,249327,239922,242845,239117,261174,251425,243418,244381,218548,232221,197318,193698,178937,180738,171066,171661,154922,106028,92863,111563,103478,109135,92584,105797,90162,99196,92571,127493,129533,124657,123569,143777,147367,219101
"KOSU","News","4. Small (<$2M)",TRUE,21,63,10511,15995,13567,13210,32961,17516,22880,18868,17802,24048,20907,21415,22633,25291,33498,26802,25923,22560,28094,25020,28589,29365,39122,22226,25368,25275,29748,26199,26628,27715,28649,30479,29574,25310,23090,31277,24767,22219,37855,36502,27625,30833,26477,21815,19680,20032,21012,17735,52289,24332,25275,23791,20820,19751,27794,29836,27230,26513,25450,25376,25744,32655,57298
"KPBS","News","1. X-Large ($10M+)",TRUE,21,63,387382,347783,409402,366965,358710,323020,353443,321320,381035,406252,335278,357560,387980,371462,416533,376473,373262,387535,381267,370683,381672,442865,576454,360900,459952,386370,637791,445042,368096,312679,324716,323054,288731,331027,266960,428196,308763,285901,331104,282351,320740,309273,316717,278864,285849,320758,391931,266858,295584,280455,346825,318059,392019,537476,466562,487119,406924,425906,400115,382749,478041,514922,1965219
"KPBX","News","4. Small (<$2M)",TRUE,21,63,6106,6658,6399,6143,9646,9928,10808,13608,8977,8344,9462,7950,8410,8831,8186,7460,8997,7256,8955,8839,8850,10555,8951,8108,11490,11522,15925,10470,12170,10298,11212,11692,15150,13432,12925,11328,14446,19712,15876,13440,14228,12728,19442,22461,16277,20493,19788,13566,18140,15283,14905,15124,14975,15505,14572,16556,20175,24261,22386,20953,25561,26500,36099
"KPCW 91.9FM","News/Music","4. Small (<$2M)",TRUE,21,63,16604,11584,10869,9671,6001,5725,6226,6183,18558,18286,7875,7727,13179,17293,18254,7905,15558,7507,20675,8241,23948,8241,8339,7327,9684,9888,14332,9002,7711,7953,11252,10895,14366,13128,15242,8808,11039,9500,9160,9617,11924,20332,30407,34129,57735,22593,27670,30539,29308,30601,34439,37181,30734,34333,48853,39718,33502,65161,50868,49526,68961,46927,155170
"KPVU","Music","4. Small (<$2M)",FALSE,14,41,,,,,,,,,,,,,,,,,,,,,,,170,328,495,434,1154,789,571,627,537,568,582,1035,893,707,389,412,523,632,531,629,732,633,812,917,770,595,670,660,956,1079,1313,906,1022,1035,1121,1289,1129,704,753,683,540
"KQED","News","1. X-Large ($10M+)",TRUE,21,63,2123935,1848179,2358459,2406417,1624241,2379630,2064398,2191427,2078550,2089079,2273131,2103231,2621817,1884967,2078669,2233946,1811334,1473935,2185379,2411790,2084265,2325703,2619628,2461938,2475723,2682044,2392336,2243337,1985244,1622182,1947932,2280870,2107183,2739087,2030509,2054946,3968994,1677663,2966916,1582277,1616693,1487306,1419064,1526212,2700074,2796233,5404193,2593144,4722744,4749727,3267377,2725022,2808711,2794543,2670766,2563052,3323378,2607433,2436181,1701197,2587411,2280928,3145120
"KRCB","News/Music","4. Small (<$2M)",FALSE,19,56,4240,3689,4462,4264,3758,3622,2828,3783,3149,3194,3264,3072,3140,3325,3288,16465,8585,3992,5077,5900,4643,3390,3292,3634,3979,4148,4543,5117,6501,5320,5321,6090,4894,37912,5128,5344,7128,5559,6323,5484,7071,9293,9911,11263,7468,6555,14314,12673,14314,9928,10019,9280,7939,4519,3370,1543,,,,,,,
"KRCC","News","4. Small (<$2M)",TRUE,21,63,24499,20358,18799,16883,12402,12180,12870,9171,10754,11329,10165,9821,10394,11783,13186,12223,11131,10746,15643,10780,10425,14067,13929,12042,24183,14204,15316,14691,11758,11083,12968,14856,14827,13473,14552,16475,13908,13291,16506,16494,14950,20557,20959,13887,16308,20293,20010,15756,24421,18396,24347,24691,20107,17080,20009,20860,22863,25495,24446,22761,20141,21437,41980
"KRCU","News/Music","4. Small (<$2M)",TRUE,21,63,6145,5934,5574,5343,6749,4068,5232,3775,4396,4649,3862,4620,4787,5631,5863,11044,7700,4907,6822,6671,6330,4469,4324,6076,9969,7050,8278,7333,10106,5999,16212,7216,8763,6913,5159,5353,5405,5728,6203,6594,7418,6084,6316,7978,7403,7511,11718,5536,7718,9403,8640,10882,9654,13219,12036,10697,10936,9207,9197,8539,10274,9559,15606
"KRVS","News","4. Small (<$2M)",TRUE,21,63,21202,13799,11890,9062,6259,5385,6470,6729,5854,6531,5002,4642,5257,5615,6134,6412,5583,4736,5162,4941,5581,6699,6437,6221,6665,5652,8324,6755,7762,6715,7432,7766,6197,6593,5441,5360,6472,5214,5504,5840,5832,5417,5657,5258,5474,7326,6201,5425,5421,5315,5386,5774,4893,5285,5243,5054,5440,6463,6053,5214,5751,5921,6479
"KRWG","News","4. Small (<$2M)",TRUE,21,63,32872,38658,25858,27393,16332,21180,18815,17118,40280,16019,19548,33919,21730,77952,123923,36156,26178,21471,17862,19394,19972,17696,54699,17234,36230,319723,42535,26917,23807,51964,40204,27900,23683,18275,20077,19512,26725,29815,27571,32682,22670,20970,23430,58405,53611,44296,26065,23426,25839,23301,86592,25360,24631,21732,22152,36477,47464,35576,49703,41952,40989,50810,91269
"KSFR","News/Music","4. Small (<$2M)",TRUE,21,63,4002,4366,4751,4309,4152,4281,4299,4378,4513,4260,4024,4492,3790,3840,4615,4694,3266,3509,3506,3448,6436,3792,4033,3757,4547,3873,4080,4951,4306,3696,4127,4380,3774,5047,4134,4458,4651,3619,4257,4654,4544,4272,4477,4533,3703,3554,3434,3728,4261,4803,3960,3778,3958,6189,5085,5693,5672,6811,5048,4455,7142,5725,8913
"KSJD","News/Music","4. Small (<$2M)",TRUE,21,63,13466,8867,6105,4609,2764,2799,2842,3135,2822,3353,2008,1709,2293,2769,2882,2765,2776,2811,4370,5058,3684,4269,3407,4042,4847,6629,7849,4719,5707,5371,6007,7037,4454,4641,4807,5057,5096,6689,6445,7781,8825,6305,4254,5477,3829,3620,7041,2893,4077,3577,4711,3448,4951,3918,2904,3419,3709,3924,4591,3334,3003,2815,8928
"KSTX","News","3. Medium ($2M+)",TRUE,21,63,82082,52405,84819,57943,99107,102145,155698,51820,48552,75391,45827,48195,61180,56746,68318,65770,58059,85739,58913,65347,71855,63355,70795,58912,90857,103296,80499,83143,80176,83519,92144,90158,69132,89896,67146,71302,111321,83680,85699,82956,97836,72378,95774,70954,98065,109038,109433,331895,706535,360907,138996,147429,145061,132799,137461,150624,121975,139917,169203,134814,167620,229282,380697
"KSUT Four Corners","News/Music","4. Small (<$2M)",TRUE,21,63,16451,11526,10130,7597,5506,5495,5722,5472,6204,4154,3665,3938,4528,4845,5269,4461,4242,4246,5032,5475,5291,4761,4973,4680,5213,5000,5899,4431,5064,4735,4288,4781,4459,4883,4240,4543,4993,4646,5784,4889,4773,13089,7408,5943,4969,5547,5432,4971,5058,4949,4998,4233,4252,4695,4847,6222,4905,5619,5729,5469,5177,5132,8045
"KTBG","Other/Unknown",,FALSE,6,17,,,,,,,,,,,,,,,,,,,,,,,,,,,,,,,,,,,,,,,,,,,,,,,19351,32746,32391,35616,46970,34761,38964,26518,32656,38294,33831,36500,42447,29624,52242,43354,31016
"KTEP","News","4. Small (<$2M)",TRUE,21,63,22445,13860,12074,9455,7310,6451,5491,5318,5048,5292,4644,5407,6855,8390,10271,7881,5521,5282,6753,6616,7687,7356,9085,11642,12442,11571,12266,8602,7921,7623,7737,7256,8207,9050,7325,7321,9017,8103,8908,8580,8847,7930,9090,7668,8240,7729,9073,7397,7958,7104,7245,7394,6943,6831,6782,8769,38737,22883,69563,10495,8793,7615,8232
"KTTZ","News/Music","4. Small (<$2M)",TRUE,21,63,17164,11248,8801,10028,3337,2949,3268,3147,3081,2433,2058,2594,3770,5203,2832,3006,2683,2689,4519,3438,3227,3324,3004,3025,3718,3732,4580,11375,1726,738,1039,1368,1317,1867,2315,1377,2101,2136,1686,1650,1563,1304,1275,3302,2778,2788,3405,2798,2634,2521,3499,1528,1166,1393,1317,1709,1717,3554,3132,3316,2077,1596,2235
"KUAC","News","4. Small (<$2M)",TRUE,21,63,4332,11403,3814,3316,2367,2831,2608,2959,2722,2986,4284,2102,2274,3494,2833,2330,2323,1898,1920,3381,2368,2608,3410,2139,2663,4374,3156,3395,4375,2559,2954,3321,3304,3095,3101,2537,3737,4698,4400,3991,3030,2833,3081,3367,3209,3213,4122,3181,6356,4770,4630,3306,4606,4540,5933,7929,7800,4648,5790,5386,8066,10168,5057
"KUAF 91.3 FM Fayetteville","News","4. Small (<$2M)",TRUE,21,63,6767,8941,9324,10206,6733,9127,9678,9680,8545,9100,7033,6722,8976,9724,9494,8670,9687,9834,9158,8670,8187,8579,7282,7525,10991,11470,8144,10184,8262,8112,9055,11586,10244,10286,9256,9377,9064,11357,11826,12497,15295,12716,13970,14477,10070,11467,11302,11009,12504,10029,11536,11142,12126,19851,13565,19422,20289,21074,15725,19118,27099,18770,57505
"KUAR","News","4. Small (<$2M)",TRUE,21,63,27503,19470,25561,18421,22388,16540,26114,21805,15989,14855,14460,12911,13955,22563,17855,15026,14345,11571,21935,30413,22743,21699,20235,41770,22494,19639,45598,34322,23744,28952,41076,41713,24733,22539,25093,18532,24976,30315,26156,25392,29341,35745,23117,20021,20812,29800,27760,19043,26177,26038,32550,25546,22175,25979,20926,21741,22159,31022,28469,23927,26544,24960,89034
"KUAZ-AM/FM","News","3. Medium ($2M+)",TRUE,21,63,56468,57543,65300,58309,55936,56830,54065,65203,61245,63670,64386,53950,66813,67903,100256,70724,77273,150749,59092,67177,61701,70403,80072,57959,51711,51558,69453,63398,67186,70429,59892,71130,57631,61664,61133,53295,63510,52264,65127,71765,68735,57514,61877,67725,71463,77507,97411,61130,81435,79374,82238,83222,77469,76266,72645,77899,82829,90154,87736,78734,90322,87898,178528
"KUCB","News/Music","4. Small (<$2M)",FALSE,18,53,,,,,,,,,,,533,5072,4674,3370,5390,14205,4726,5067,5193,5722,6041,4753,4015,16621,5760,32259,9929,11444,8495,6927,6874,30253,13521,7916,10309,6537,9159,10386,8142,9919,8415,6941,11811,15634,6763,13009,8929,7748,10543,11825,11924,10086,29003,10099,26159,15740,16784,44594,29103,12114,69228,36854,39252
"KUER","News","3. Medium ($2M+)",TRUE,21,63,63108,51734,37112,65630,56991,41547,43143,45272,46447,46915,61853,47381,42254,48306,60810,44594,38626,57879,45495,41879,53019,52380,56958,39115,52194,50710,57297,58326,46548,55239,59685,71084,65898,80361,56659,74095,71524,79275,71821,72654,63978,66365,142603,97196,100301,86140,87242,63153,89815,71701,67751,74454,70378,52413,56435,104985,89538,87229,105410,104491,99406,112620,371120
"KUMD","Music","4. Small (<$2M)",TRUE,21,61,,,408,3568,3514,3490,4324,3399,4308,5456,5698,3710,5447,5271,5374,4291,5197,3683,5352,5071,4519,4839,4689,3914,5314,5653,4910,6598,4743,3653,4585,4356,4466,4993,4782,4386,6411,5438,6057,5669,5565,4557,5454,5616,5408,5634,5624,4780,7284,5713,6317,4882,5147,4187,3931,4675,6713,7320,5771,5428,11879,6098,6402
"KUNC","News","3. Medium ($2M+)",TRUE,21,63,65616,65691,63600,63618,83586,52393,63972,134174,54409,58717,48114,46607,53793,50878,43978,45065,58201,36986,47264,50895,39407,51347,46120,48884,50245,51576,61168,47780,43149,47300,52448,47824,42473,38107,54062,128749,38306,44295,44472,41016,43662,98160,41819,46555,49504,71851,56768,50034,64343,181638,97080,50174,56285,74963,57045,107261,88876,101254,110177,80916,90978,79522,123025
"KUNM","News","3. Medium ($2M+)",TRUE,21,63,31179,36474,23545,18386,16997,16870,18155,22224,17513,18459,17023,19345,24320,17196,18118,18005,19903,20027,19663,17220,17936,20378,20820,20113,21914,21009,20126,18970,18665,17835,18924,18898,21599,21578,18260,16384,19835,20022,20176,23035,22019,19515,26740,28718,21270,19854,31974,40594,32902,27805,26565,23472,22443,30993,30463,26727,28490,31323,39524,31129,30629,26671,44088
"KUNR Public Radio","Other/Unknown",,FALSE,5,13,,,,,,,,,,,,,,,,,,,,,,,,,,,,,,,,,,,,,,,,,,,,,,,,,,,15090,19452,17428,18996,24030,17631,94285,21498,23376,23462,22113,23043,42102
"KUNR Reno Public Radio","News","4. Small (<$2M)",FALSE,17,51,9858,8167,8623,6109,4687,5768,5578,9721,7349,15958,12419,15622,14510,14530,16508,16179,12384,20187,13011,17808,13377,13264,15722,11950,23371,11886,14514,11161,13953,14505,11986,14108,14919,12503,12097,15390,17260,11825,13403,18538,16016,14778,17645,11812,17008,19520,18754,14629,20176,21151,2835,,,,,,,,,,,,
"KUOW","News","1. X-Large ($10M+)",TRUE,21,63,421509,179813,188453,321227,273682,475815,373057,273724,229203,239249,372495,266506,371188,248740,252926,253064,261577,342673,216925,428290,302632,381268,606168,615049,503940,304002,680422,293585,308173,794429,569985,283371,438909,995137,286672,308991,334879,203115,284666,270980,306758,327248,403968,313414,246818,262632,331527,284771,249990,333724,406925,415396,381409,304589,467108,447173,426923,633989,456351,486804,664718,587694,1976242
"KUSC","Other/Unknown","1. X-Large ($10M+)",FALSE,7,20,52851,52637,52884,57064,54252,46262,44185,45143,47456,53829,47141,53011,49652,51356,51552,49799,60071,45660,42521,38938,,,,,,,,,,,,,,,,,,,,,,,,,,,,,,,,,,,,,,,,,,,
"KUSP","Music","4. Small (<$2M)",FALSE,16,48,5602,5327,7391,5372,6502,6184,5772,5704,5969,7354,7346,3941,3963,3438,4227,5662,5264,3679,3795,3990,1624,1282,1109,985,1048,809,814,750,680,586,604,581,582,587,464,420,401,346,346,337,360,277,300,327,336,307,332,296,,,,,,,,,,,,,,,
"KUT","News","1. X-Large ($10M+)",TRUE,21,63,167448,107119,180863,220045,194146,132799,110170,112502,99135,185325,113990,90895,138590,125205,282405,165557,258376,149718,124274,172364,154116,147719,132455,110745,130174,142440,339747,290151,277864,230937,244865,331373,268049,332486,210455,182438,236918,253767,399941,237526,260619,244015,286670,242482,318740,718079,373933,359942,376422,405442,381440,369997,344274,421086,318880,575087,429688,375201,350073,331236,428498,543939,1358185
"KUVO","Music","4. Small (<$2M)",FALSE,18,52,22653,18381,17573,16590,14571,11881,13534,14510,12044,11789,10674,10919,10822,10978,10722,11052,11274,9329,10274,11131,9693,10492,9958,10685,11219,10879,11456,12096,14550,11649,12708,12448,11012,11944,11242,12579,12115,11985,13429,13380,13314,12846,16108,14187,11155,13251,13504,14835,14583,14364,15338,11680,,,,,,,,,,,
"KVCR","News","4. Small (<$2M)",TRUE,21,63,3150,3568,3720,4165,3186,3913,2917,4495,5023,5283,4756,6087,4255,5169,7266,5784,4614,4912,4664,6076,5752,7045,8017,5648,8174,7037,7723,8951,8348,7124,5972,7071,6904,9568,7553,6187,8226,6937,9196,10121,11329,10625,10093,9750,8549,11670,10762,10859,14105,11561,15844,21806,13264,8924,25941,14344,18379,14508,11409,13582,12262,12409,25318
"KVNF","News","4. Small (<$2M)",TRUE,21,63,19553,16396,13592,11951,10473,9562,8142,7298,7808,5558,4946,7665,4839,17193,6765,7031,5269,4304,4649,4067,3866,4040,4216,4210,4089,4174,5041,7456,8336,7519,8003,5568,4759,4740,3608,3462,6968,4146,4499,4133,4545,5595,6884,6708,4840,4833,5181,4855,5040,6328,5868,5690,5096,7152,5491,6543,5229,6563,5654,5366,6057,5942,6713
"KWBU","News","4. Small (<$2M)",TRUE,21,63,6169,4591,4706,4517,3577,3048,3754,4359,6710,4060,4079,3769,4056,8657,11593,4915,5470,5169,5094,5870,7203,7194,6675,6395,7095,7026,6645,5069,3956,3613,3204,3593,3943,4330,3967,4428,5911,4297,4055,4400,4176,4018,3611,5190,3265,5260,5892,3847,6012,5059,4519,4570,4141,5300,4735,5159,5125,5193,4568,4228,5329,4613,8320
"KWGS","News","4. Small (<$2M)",TRUE,21,63,44148,37126,29970,25467,21384,20805,20434,20182,18698,16830,13432,15412,20069,21401,19039,21391,24758,14491,14512,16904,20771,18406,22683,18044,22479,18549,24381,23839,19387,18060,28437,29652,23265,34866,20474,19075,25623,23816,26973,27403,32003,24134,31575,30481,28606,25536,25383,19689,26733,26864,26273,29933,58560,27168,34801,43982,35682,44290,49159,52630,40844,50611,102958
"KWIT","News","4. Small (<$2M)",TRUE,21,63,7558,4649,5284,3255,2112,2200,2423,1990,1775,2708,1635,1940,1858,2107,2737,2158,2632,2288,2046,2920,2858,4317,2699,4665,4433,3758,10932,5284,3872,4883,4928,4199,9270,7565,6721,4704,3687,3200,19033,4180,7698,3415,3648,2699,4931,4016,4385,3878,5679,3848,12420,5967,4975,5210,7014,5654,8752,6571,5382,10730,9568,7041,12149
"KWSU","News","4. Small (<$2M)",TRUE,21,63,52027,45497,51895,48694,40200,38956,62167,78586,41961,42472,40752,38201,40702,53150,36512,42443,35483,34221,57662,44638,38292,50703,42431,34342,43515,48959,52203,49003,53220,52068,68469,54656,61467,71135,63101,65848,63516,30149,28907,25798,28788,26142,24698,25650,30478,39922,31267,34321,31186,28665,40882,30806,26757,25544,25148,55176,35573,25955,23093,20686,29706,46082,50920
"KYUK","News","4. Small (<$2M)",FALSE,16,47,,,,,,,,,,,,,,,,,9834,12331,10582,11002,12627,14114,15232,13666,19776,19243,22601,22028,29132,20679,27798,45019,31858,34635,25680,32670,42778,25049,35497,25687,29684,27586,30685,22027,25634,27606,21514,20316,32930,30445,43901,27225,45379,22770,36887,23855,19490,35460,23200,38621,37405,76887,55630
"Lakeshore Public Media","News","4. Small (<$2M)",FALSE,12,34,,,,,,,,,,,,,,,,,,,,,,,,,935,2093,4027,3151,1979,2953,2408,2859,2274,2078,2352,2313,2389,2861,3604,2955,3674,3340,3438,2938,2667,3240,3168,2787,2865,2863,3797,3276,7009,3658,6622,6872,8176,3122,,,,,
"Lakeshore Public Radio","Other/Unknown",,FALSE,2,6,,,,,,,,,,,,,,,,,,,,,,,,,,,,,,,,,,,,,,,,,,,,,,,,,,,,,,,,,,2549,4780,4585,5478,5497,30585
"Louisville Public Media","News","3. Medium ($2M+)",TRUE,21,63,124435,88119,116586,107274,114200,108782,112838,127722,130706,117802,159483,157776,206214,137337,166014,156510,168037,155476,163273,134514,143530,128240,121866,128722,152532,133034,183069,138951,140970,160061,130684,131837,118411,112980,110307,169524,118651,119754,124688,126234,144363,116892,112649,114808,120821,135591,203808,100335,110056,113304,134280,132889,175069,150854,181026,177542,169389,177941,188204,170590,232077,232944,369099
"Maine Public Broadcasting Network (MPBN)","News","2. Large ($5M+)",TRUE,21,63,87132,151040,92542,77498,102667,87732,72538,79867,72820,71031,64713,72489,85452,132608,87713,86146,102483,82636,88269,117975,87839,84839,152263,96963,160219,184876,137752,179773,111020,93959,92287,123410,105935,90395,94677,106331,143951,122967,186779,106665,115193,153497,121017,91989,121906,146087,199466,127661,139934,135006,182056,132814,104912,103622,105774,108567,120044,169110,120603,136543,150422,229542,335150
"Marfa Public Radio","News","4. Small (<$2M)",FALSE,13,39,,,,,,,,,,,,,,,,,,,,,,,,,1827,11687,7458,9884,6678,6993,6944,8556,6638,9335,8231,6803,8820,8962,14413,12811,22473,15055,10551,13044,12869,15445,13658,15292,15091,17240,18373,17879,23557,15155,19722,16873,17160,17080,16422,12579,80087,14985,33495
"Mendocino County Public Broadcasting","News","4. Small (<$2M)",FALSE,13,39,,,,,,,,,,,,,,,,,,,,,,,,,1988,4705,3425,3347,3634,4089,4380,3849,3997,15115,5211,3732,5125,4103,4559,4848,4334,5607,8421,18788,4916,4939,4547,5048,5998,6712,6028,5423,5788,6424,9382,6597,6031,10892,7123,7121,13285,8018,9521
"Michigan Radio","News","2. Large ($5M+)",TRUE,21,63,227996,176840,279103,252180,307878,210700,308342,423702,266413,355450,305544,271364,643175,435876,390173,335578,307425,278091,241458,245976,311622,325964,303800,260098,312602,303487,433990,345330,323676,301020,360714,307407,295291,388427,412636,263587,427795,322198,406937,448750,302657,297586,346096,343490,321611,453583,536715,364499,403731,386086,369498,464243,366943,368141,368092,370716,397536,376861,411739,473427,511168,489702,1050629
"minnesota public radio","News","1. X-Large ($10M+)",TRUE,21,63,1662825,1319511,1581417,1562468,1403980,1361187,1350590,1033323,1058678,1176579,1286018,1597555,1464123,1348212,1433576,2557305,1502581,1519792,1739323,1574450,1887629,1726074,1851440,1558615,1780679,1494086,1686635,1575352,1525584,1609702,1522946,1411062,1456023,1344026,1612851,1617510,1899674,1613880,1563912,1792498,1596175,1647751,1266010,1834004,1983302,1715640,1695141,1568793,2115685,1823689,1877285,2001276,1605239,1570867,1625566,947685,373826,432919,349026,369229,433755,335343,438158
"minnesota public radio (Classical)","Music","1. X-Large ($10M+)",FALSE,20,58,,,,,,31578,247150,88865,73829,84168,78300,132786,98526,82508,78000,88436,66010,70325,70043,61104,66880,80110,88137,150148,88810,84834,92448,80008,111445,68794,64868,64303,65607,70108,91953,144662,82868,75456,100194,92843,87172,84895,69076,95838,147025,88625,96063,126001,95455,89640,97909,86215,81055,80403,70845,68835,76463,99817,115607,143973,93082,87817,133151
"Mississippi Public Broadcasting","News","4. Small (<$2M)",TRUE,21,62,,10344,24535,17050,43033,22094,18043,23949,19509,16971,17032,16426,22916,19384,19877,18763,18423,26214,16531,17054,16220,17286,15630,16438,20071,17304,20820,17596,18368,19059,16877,19539,16606,16729,14755,14823,18205,15497,18783,17647,16771,17267,16300,17289,16326,15798,18307,14820,17075,18222,17010,16548,15844,15523,15946,18522,16525,16139,15566,15512,18573,17072,29752
"MTPR","News","3. Medium ($2M+)",TRUE,21,63,36867,35242,28416,36794,27139,27190,30183,85842,47167,31944,32489,48010,34850,37554,34197,53019,34544,34245,34465,70005,35808,41606,47795,47714,63241,71769,49259,61232,66276,49690,112773,110129,169117,48432,47032,49513,67648,66231,60907,58737,78938,52929,79439,120053,60458,91361,104076,50163,62339,79807,84790,67305,81630,73631,87934,118021,82347,91932,82976,73055,81067,72658,246170
"Nashville Public Radio","News","2. Large ($5M+)",FALSE,20,59,58654,64881,46110,53784,66382,85067,121369,59371,73874,56748,66510,75011,68556,70999,59347,91246,75067,66984,107117,89772,92563,108825,68645,76473,87086,70086,77133,72028,88496,66808,84221,118459,85894,69435,47004,116278,115422,68632,106924,120514,683468,140472,95217,112767,121156,96088,77908,90058,206001,138311,141037,137915,123626,106260,128191,176266,143776,147987,46077,,,,
"NET Nebraska","Other/Unknown",,FALSE,2,5,,,,,,,,,,,,,,,,,,,,,,,,,,,,,,,,,,,,,,,,,,,,,,,,,,,,,,,,,,,34188,246099,284305,308670,491844
"NET Radio","News/Music","3. Medium ($2M+)",FALSE,4,12,74114,99495,132401,74497,76048,58247,54242,51745,67190,70064,97018,14080,,,,,,,,,,,,,,,,,,,,,,,,,,,,,,,,,,,,,,,,,,,,,,,,,,,
"Nevada Public Radio","News","2. Large ($5M+)",TRUE,21,63,51033,56234,65337,54759,55292,48165,55191,54024,56100,44146,41280,54917,56787,52729,60255,58706,58491,58637,50381,55975,57613,69911,75330,67571,76483,75459,89035,112010,107461,108894,97325,106978,92549,95784,83150,77439,88170,75996,90790,92383,91582,80888,86630,85783,87035,110639,104354,95829,112390,99814,96589,97579,101819,114277,113912,110608,109212,114940,120569,147024,133118,129691,188860
"New England Public Radio","News/Music","2. Large ($5M+)",TRUE,21,63,36063,31592,31039,25277,25068,22886,23403,21565,21221,24540,28285,24245,24866,26336,30022,23783,23938,21582,23967,23124,25048,26716,33554,30419,30286,23730,30120,23741,26318,21657,20638,28238,25489,46294,46207,29321,31529,64643,38240,40293,41567,45928,48071,39249,44830,59069,73543,48253,51025,44982,58965,62429,43089,49104,49829,55054,43549,59614,53703,57541,61688,78183,142563
"NHPR","News","2. Large ($5M+)",TRUE,21,63,119091,143128,148543,146740,112292,121411,116637,132080,112460,103459,122464,130252,132115,182273,122173,129973,117356,103597,106527,109037,110097,114065,128315,114157,136281,137773,140818,134983,166899,151441,147897,179510,197768,203020,221997,203497,236145,279470,238596,153537,172345,171935,190074,187351,196951,177216,282955,204302,238199,246951,229932,189823,213615,216716,211384,223427,348451,230809,278941,208452,329195,294967,1094935
"NIPR Northeast Indiana Public Radio","Music","4. Small (<$2M)",TRUE,21,63,6738,6777,7370,6396,6159,6922,8042,7356,5977,7552,7804,7983,8074,8435,7490,8458,9943,11180,8911,6952,6357,7260,7733,7358,8686,10027,9211,10310,8970,7194,9305,9257,11483,10565,10151,12102,14349,13852,13692,10399,15308,11970,16369,13472,9871,10464,7925,8815,21515,14535,12048,8349,9447,7567,10801,18653,12132,14327,15128,10851,16062,20974,64104
"North Carolina Public Radio - WUNC","News","1. X-Large ($10M+)",TRUE,21,63,141524,167591,105850,98666,95050,147926,98309,98935,87508,93217,91238,78561,105661,117699,154761,117561,105297,107794,121975,162379,115433,215425,117991,99697,122794,104977,114267,114593,123312,131856,118578,150673,118913,129738,119350,113689,125482,131755,140659,131078,153648,136056,170298,133337,163130,169842,186126,135057,167613,153046,158814,158684,165554,148270,176036,175170,169336,192863,153799,160063,187829,174279,181695
"North State Public Radio","News",,TRUE,21,63,2249,2268,3014,3323,2696,2447,2995,3663,3194,4576,5842,3935,6417,6430,4942,5267,6921,5101,5128,6031,5917,5279,4971,4299,5136,9922,26037,5555,5794,6236,6897,11238,11474,13205,6944,6270,7572,6141,6006,6242,7807,8541,10133,7628,7119,8533,17625,11584,10053,9242,10604,10469,9815,8477,7669,10136,9272,9436,9803,8827,14430,10508,12074
"Northern Community Radio","News/Music","4. Small (<$2M)",FALSE,14,41,,,,,,,,,,,,,,,,,,,,,,,2983,3395,4736,4371,5118,4065,4341,4509,5717,4059,4432,5126,5944,5243,5146,6913,5775,5210,6509,6576,6820,5956,6098,5628,5882,5194,6134,5631,6237,5997,5628,6715,6219,6414,5766,6617,6779,5826,8342,7193,9968
"northern public radio","News","4. Small (<$2M)",TRUE,21,63,28204,23004,25113,17465,16660,19014,28673,18995,23279,20364,16997,20514,19333,25591,28034,23269,19805,17551,16485,17561,19294,56143,18334,18446,19201,22593,31411,27223,25163,24720,30124,24210,19570,17275,17968,17547,17999,18816,22194,21119,20477,26518,20302,21470,23015,19812,30244,20413,23054,19804,21427,23858,21448,20771,19587,26640,21563,32320,26901,19941,22205,26173,29335
"NYPR","News","1. X-Large ($10M+)",FALSE,15,43,,,,,,,,,,,,,,,,,,,,,167531,1111572,1367253,983638,1231150,1109624,1158322,1072395,1839718,1343886,1328719,1313102,1275207,1546421,1372525,1428790,1290013,1262306,1061211,1018679,874010,845981,928896,1273209,1602366,1584526,1784223,1470213,1505252,1419111,1431546,1392999,1383710,1176927,1167893,1191086,1241920,1503744,1495720,1351587,1384478,1376344,1547437
"Oregon Public Broadcasting","News","1. X-Large ($10M+)",TRUE,21,63,423528,444135,436071,395739,459205,423979,533172,580205,483348,524456,452883,495426,1671185,904872,779540,568432,716115,479347,575235,586317,462866,738247,638291,519598,565835,499678,519987,497501,612137,484414,434333,524011,880438,574481,440064,464965,537999,470998,494815,445427,602958,523946,617910,626899,505022,553138,631586,603986,631422,808237,538586,619427,622571,618068,624446,678096,1071841,941215,791945,909593,884340,873161,2654495
"Ozarks Public Radio","News","4. Small (<$2M)",TRUE,21,63,23567,18844,25377,21283,13899,13504,12657,11495,13711,9820,9410,10039,10518,8891,13048,11550,11924,12326,14177,17425,13451,16404,11996,11756,31118,17993,212333,21730,14318,12242,12818,14184,14885,14743,12686,9680,10523,10076,14238,15054,16828,12334,13721,13340,14594,14351,17548,17310,17951,17552,18467,17340,19149,17702,18736,28845,20166,19596,16565,18948,16271,15701,27412
"PECONIC PUBLIC BROADCASTING","News/Music","4. Small (<$2M)",TRUE,21,63,16616,10662,9287,8830,4377,4242,4107,4057,4041,4463,4357,3506,5198,4187,4832,4019,4143,3843,4665,3647,3221,3324,3409,3981,3922,3486,4200,3941,3907,4243,5385,4664,3750,4134,3513,3529,3384,3695,3368,3542,3645,3198,3363,3012,3192,3316,5262,3213,2900,3034,3262,3370,3067,3387,3743,4210,4505,4173,3507,3549,4555,4476,6600
"Radio Kansas","News/Music","4. Small (<$2M)",FALSE,9,25,,,,,,,,,,,,,,,,,,,,,,,,,,,,,,,,,,,,,,,1475,3082,2282,2061,2291,2294,2204,2507,2182,2410,2352,2033,2237,2142,1942,1751,1600,1817,2119,2154,2208,2436,2470,1519,2877
"Red River Radio KDAQ","News","4. Small (<$2M)",TRUE,21,63,16394,11496,10976,7926,7188,6757,6816,5673,6350,7517,5607,6082,6318,8802,7603,7373,5083,6798,6430,5483,5839,5982,5066,5944,5974,6579,6496,5983,5587,6356,7019,6464,6733,6709,6156,6766,7062,6946,6817,7352,6795,7385,8154,7256,7236,7721,11214,6528,6364,8012,6227,8367,5983,5384,10121,6892,7575,7728,10787,9882,9138,10148,17306
"Rhode Island Public Radio","News","3. Medium ($2M+)",FALSE,16,46,57112,42467,41404,56827,37842,41804,46736,45394,43763,56201,48899,37151,51661,46090,76651,57697,53186,40598,52816,47691,53873,51074,59307,47632,58495,59453,56007,45679,46048,40105,44858,65422,43531,67271,47472,52735,57222,58099,61622,56407,67710,61916,65206,55942,73286,23648,,,,,,,,,,,,,,,,,
"South Carolina Public Radio","News/Music","4. Small (<$2M)",TRUE,21,63,10712,10682,11265,10318,10280,14342,12758,13095,12658,16075,11859,12422,17084,20252,17364,18645,19180,18831,17920,19786,21947,25997,17648,16445,19351,21377,21586,16651,16258,18141,18135,21556,20123,20382,18783,17581,22523,21060,21974,22220,25970,24334,24634,21259,29064,24348,23045,19903,23132,22950,22276,25718,24553,24333,28341,36604,39707,32787,39647,31026,36759,50822,106018
"South Dakota Public Broadcasting","News","4. Small (<$2M)",TRUE,21,63,34692,40904,62556,22330,26097,29076,24542,32359,19599,29934,31058,21981,24364,36565,52307,97170,27029,20326,22696,27383,20634,40671,31327,26250,28324,27541,40904,21013,20011,18829,14769,18181,19182,19533,22261,17021,22786,25068,29112,21001,21405,20924,17508,19615,37228,24455,28233,18905,35560,32013,30137,21716,20746,22095,23126,27016,24962,32481,31248,24648,25909,32132,26548
"Southern California Public Radio","News","1. X-Large ($10M+)",TRUE,21,63,995053,799266,902976,924707,926269,834464,822566,757937,840258,827384,709062,1020346,880698,824678,806091,718867,703263,928646,753176,865268,576809,654546,835334,432238,539717,603824,755784,802056,599451,556348,566028,847837,769610,923150,645692,1382425,1599281,1844967,1594111,1410683,1191663,1260057,1275445,1123131,1010414,1186729,1768168,1007515,1356729,1222438,1543610,1253335,1250962,1185400,1486453,1177013,1108316,1986048,1253466,1450029,1531065,1608485,5912058
"St. Louis Public Radio","News","2. Large ($5M+)",TRUE,21,63,249307,137416,141842,156843,132038,160078,142942,138920,112407,168555,174567,165643,157719,154292,183992,191129,165105,131394,165950,187143,178699,160713,211085,144993,165814,163380,205555,188145,157230,172065,172389,194239,187076,155650,150732,145490,178915,190425,175039,180494,214594,182512,175758,243857,199680,216490,275628,205938,220721,298188,252305,245071,233161,223405,267948,286111,283094,261415,273183,310459,397176,403279,990520
"The Classical Station","Other/Unknown",,FALSE,2,6,,,,,,,,,,,,,,,,,,,,,,,,,,,,,,,,,,,,,,,,,,,,,,,,,,,,,,,,,,6371,10016,10770,10320,9970,10654
"Tri States Public Radio","News/Music","4. Small (<$2M)",TRUE,21,63,8663,14231,8613,29912,8024,13293,8792,18242,25337,9046,8810,16545,8593,14913,11003,9292,15251,13086,15741,5510,17357,17455,15766,9500,10088,14119,25601,11282,17261,11329,13300,8220,15096,9244,9412,6753,9022,18288,14870,17243,82689,24383,14748,30772,17610,20498,25868,12881,13011,22094,37814,26319,28793,16513,14511,13767,15520,22481,16734,12097,19541,19756,19508
"Utah Public Radio","News","4. Small (<$2M)",TRUE,21,63,11053,12898,10953,13642,15303,11259,8810,9732,11385,11895,9963,477388,22388,14681,17696,17635,17940,16748,11516,11263,11687,12351,13882,14256,12083,13053,11194,12179,12591,14921,11903,14921,14130,19418,18234,19964,21519,19094,18724,16330,16654,17199,22389,16706,13268,17103,17237,14854,19806,15586,18295,22105,26703,19874,20580,21330,20511,19375,21206,20588,22798,24497,44036
"Vermont Public Radio","News","2. Large ($5M+)",TRUE,21,63,211040,214724,199586,361759,214137,217618,187074,199586,176047,157942,149347,161260,213983,256324,301240,208736,206947,215901,167152,218654,166428,212743,210646,191299,258997,275965,359810,252661,207550,211989,271609,181602,197771,223870,205769,225378,255715,255905,320464,227049,220818,202135,211579,194072,179175,194457,282466,204877,300997,362848,214523,264931,209583,173230,185396,209761,211795,246988,331876,292550,298727,280806,595776
"WABE","News","1. X-Large ($10M+)",TRUE,21,63,153401,162388,552648,238156,230429,204419,197029,173953,234466,169942,178594,241017,195243,180073,191371,266813,188504,160886,177626,169233,168334,207532,226539,127399,151009,151972,193601,225794,333424,485063,212074,271816,253267,189946,220490,218519,192090,166326,178756,181647,216907,176704,181995,169732,157294,286419,213749,166243,231323,204822,198084,211221,180950,164748,173489,163405,154997,155571,165312,162862,164626,197276,403529
"WAER Syracuse Public Media","News","4. Small (<$2M)",TRUE,21,63,17442,11739,10096,8538,6251,49024,7452,6836,7391,6115,6317,5484,7110,6471,7872,6791,8160,4840,4991,5034,6710,6645,6276,7205,7368,8353,9970,7946,9193,7747,7496,7921,15844,9044,8390,7390,8727,11532,11041,10396,9789,8370,8933,9103,12338,12001,14213,9761,12028,13868,13823,11548,11999,10331,10804,10663,10636,13813,14490,13396,13844,15383,35835
"WAMC Northeast Public Radio","News","2. Large ($5M+)",TRUE,21,63,100570,86694,95204,88653,85531,82116,81644,82747,86197,74580,72830,77237,87182,85399,135933,85217,84528,73978,94627,87139,78370,138169,94242,86332,95428,104106,104562,87817,90752,88889,109219,97211,87880,103159,110321,99133,104707,102691,113087,114693,111738,120772,121813,120410,130618,121300,125205,102296,132649,116251,112927,109657,134189,99388,119364,125537,114587,160966,143953,152776,145561,141811,270593
"WAMU 88.5","News","1. X-Large ($10M+)",TRUE,21,63,251412,213081,325819,234637,258150,225200,224642,150980,178586,195379,153692,220042,281154,243022,283805,255500,258630,237625,265600,253377,229298,304638,253840,7776,142536,264545,289770,266619,253577,281920,286817,320549,329514,434613,402806,291012,281200,244588,397312,274069,335783,293039,303246,290453,234766,288074,331260,268173,407589,308361,480453,359200,478718,396383,386383,327628,380769,423979,405832,442704,430248,495007,1057091
"WBAA","News/Music","4. Small (<$2M)",TRUE,21,63,21833,17891,16534,15556,10448,9630,11659,8094,7385,7681,7682,9007,11032,29852,11526,13231,13764,10659,10822,14759,10760,13130,13410,14234,11161,14967,43894,14436,19636,18574,13489,17634,12419,10424,10228,9100,10916,10098,14834,12724,13823,16744,13218,12076,19233,14174,15826,17781,18109,12997,16078,13267,13883,11558,14387,19028,15310,14037,11635,11369,10961,11721,46599
"WBEZ","News","1. X-Large ($10M+)",FALSE,15,43,,,,,,,,,,,,,,,,,,,,,203904,304891,271615,253954,348119,307882,360115,348258,290317,287072,381934,349869,560058,379998,277586,236393,259678,232480,301939,231410,251278,241118,196184,230009,242246,279553,299225,283324,456617,482031,361504,495486,404105,432130,575284,477869,530189,470424,350846,447825,417979,350562,649383
"WBFO","News","4. Small (<$2M)",TRUE,21,63,24762,32273,33055,30951,35001,35438,38228,41511,35812,40773,56978,54547,39848,48516,58241,62348,56981,45776,280408,63383,52129,48504,58526,60346,75544,51908,73814,66941,62212,57722,53975,61756,59282,58311,58343,60207,67870,84116,94986,74948,77819,69129,93525,67533,74302,72762,83498,77508,99575,78542,83295,83963,80519,100002,84484,95538,89951,113332,102615,112059,121943,141696,225715
"WBGO","Music","3. Medium ($2M+)",TRUE,21,63,52017,53905,59400,53457,56221,56320,57969,52574,52381,56368,57786,59076,66543,56231,58586,58000,53648,52493,52832,49282,52049,55363,51386,51776,69087,57659,139484,84723,70329,97048,64433,70051,64706,71710,75497,71315,71629,67655,74750,74680,67342,75399,77222,67309,66781,75362,72648,73018,69964,68880,68920,64878,70001,98889,68377,81235,92256,87600,101718,83590,117948,126575,141419
"WBHM 90.3 Birmingham","News","3. Medium ($2M+)",FALSE,6,17,30134,37199,33816,18159,23761,20239,15369,19415,16633,18317,15487,16024,18888,31467,26582,39059,7031,,,,,,,,,,,,,,,,,,,,,,,,,,,,,,,,,,,,,,,,,,,,,,
"WBJB","Music","4. Small (<$2M)",FALSE,13,38,,,,,,,,,,,,,,,,,,,,,,,,,,2709,5529,5488,5346,5234,7503,6830,5588,5683,6411,5712,5969,5681,6501,1283,949,857,961,791,1118,1211,1192,1165,1165,1171,1163,1053,1060,978,967,1083,1240,1232,997,991,1058,1148,1270
"WBUR","News","1. X-Large ($10M+)",TRUE,21,63,753750,793152,646492,671643,516898,408793,421311,396419,442044,427723,432709,432193,672431,697282,559086,453152,468132,856614,1273761,1541634,739898,2068541,1609029,1323107,1663550,1604905,2244004,1854006,2010364,1681880,2159998,1796207,1628313,2076215,2524648,2307225,2249002,2220327,2156156,2034225,2202033,1676901,1890592,1815492,1989709,1926013,2345816,3895953,2704393,2415092,2719120,2557664,2282112,2646473,2180537,2536273,3851481,2516548,2733435,2787799,3051456,2894024,7364467
"WCBE","News","4. Small (<$2M)",TRUE,21,63,29803,27984,27346,19665,15879,14263,16689,13247,16065,17117,12663,12423,19070,14699,16914,16145,12940,14729,15443,14741,15125,14950,15464,16008,19656,21627,18310,15592,20589,15336,17050,15631,18060,16040,18128,15953,17676,18823,26878,44654,22600,23050,26098,48332,24497,24546,29249,31939,32365,29737,28774,24500,28008,19023,21928,23277,30012,24352,25011,31639,35628,25338,39747
"WCBU peoria public radio","News","4. Small (<$2M)",TRUE,21,63,21047,35050,17333,13110,11181,12975,16011,13166,15136,15026,9218,9764,12807,11721,20239,12226,13852,10788,12109,11537,13425,13099,10558,12947,13520,16286,19710,16448,21128,17698,23573,31275,21053,32364,24398,27661,31424,27768,24801,19776,18303,12972,21707,12467,11740,15925,12279,10399,15557,14576,10233,12708,13896,39611,41720,84401,57645,32893,32338,61800,47932,40283,70244
"WCLK","Music","4. Small (<$2M)",TRUE,21,63,24165,17518,16645,17427,15759,14020,13976,13168,13394,12569,10949,9317,13600,12086,12103,12420,12055,11017,12878,14032,14629,14952,15989,14804,16533,15313,18435,17678,24285,17733,16817,21126,16207,19588,16436,14943,17447,19297,18924,18490,18417,18511,19968,16852,16936,18651,16591,13958,14655,16307,16282,16791,16094,15226,15997,16210,15487,16879,14962,19316,22373,26254,32691
"WCPN","News","2. Large ($5M+)",FALSE,19,57,128160,119746,124387,,,,,,,75558,81922,82362,89704,97419,102295,98598,77570,65547,73357,70151,77520,79484,98029,83536,83886,82156,98292,109071,71861,66005,62446,64784,98869,85333,97892,82929,125490,87391,108466,95672,89506,69202,82902,83999,92128,113210,104618,105257,110197,108420,98824,106584,224992,93705,112970,112572,128463,140466,139969,119710,134839,127724,575737
"WCSU","Music","4. Small (<$2M)",TRUE,21,63,13006,8967,6782,3467,2233,1947,1862,1767,1885,898,681,669,883,2560,691,738,1038,652,561,647,652,740,699,719,651,707,821,592,604,592,571,869,857,886,626,577,805,918,849,816,752,638,900,1026,1004,902,1678,689,985,1231,710,649,784,692,814,1045,885,1054,1002,1046,958,875,884
"WDAV Classical Public Radio","Music","3. Medium ($2M+)",TRUE,21,63,17076,17175,20055,17532,17970,16329,16353,16639,17682,20833,16015,18404,15531,15337,17082,16683,16372,14610,14365,14501,11710,6729,6170,6404,6606,5234,5394,5935,4800,4196,3828,3787,4235,5816,5820,4735,4140,3814,4887,4044,4168,3302,2996,3153,4095,4779,4886,3626,3597,5093,5075,4097,3453,3216,3511,3130,3343,3658,3461,2419,2887,3043,3489
"WDDE","News","4. Small (<$2M)",FALSE,20,60,,,,7810,16571,26484,17320,16338,15242,15547,12373,14187,15955,18858,19696,20253,20185,14334,16743,18476,16840,15993,26174,12365,11429,23665,27996,17519,20840,36208,17129,21808,18895,17815,12783,11377,12605,14708,17528,20629,20722,23852,24026,14896,17898,22979,25709,28242,28012,30015,37377,35348,31836,26104,31820,38960,46458,53848,42094,38589,79357,69483,142980
"WDIY","News","4. Small (<$2M)",TRUE,21,63,22941,17736,13667,10973,5656,5000,4800,4743,4178,3776,3348,2688,2726,2956,3879,3903,3123,2758,3113,4085,3342,3553,3506,3259,4323,3744,4199,4734,4574,4695,4377,4858,3879,4079,4080,4808,4016,4188,4515,5243,5112,4870,5109,4951,4727,4802,6936,4756,4991,6408,5709,6330,7426,10294,7771,7595,10239,14967,11914,7765,11497,12079,15437
"WEAA-FM","News/Music","4. Small (<$2M)",TRUE,21,63,3599,4461,4835,6328,5103,4733,4348,5052,5499,5493,5275,6729,6313,6044,7332,6636,7471,6497,7755,8491,5939,6577,6680,5597,7546,7035,6386,5520,5965,5268,5759,6403,6929,7292,4783,4926,5217,5275,6797,6284,6611,5877,6696,6966,5621,6281,6497,5390,15637,7774,6451,10090,8864,8804,35326,9844,7283,16223,8356,6850,7106,9482,22713
"WEKU","News","4. Small (<$2M)",TRUE,21,63,18327,12647,11896,10612,8853,7416,7415,7658,7367,8861,6567,6935,7657,7628,8592,6871,6757,7409,9856,14311,7438,8751,8341,8358,9884,11177,10856,10013,10952,10965,14223,12978,12932,11952,15040,11353,10516,10939,10995,11624,13164,15435,12687,10325,14035,16143,12128,12720,12937,12089,17469,14435,15893,16039,15509,18654,20235,19522,18386,18379,15249,10811,22550
"WEMU 89.1","News/Music","4. Small (<$2M)",TRUE,21,63,27870,24478,14354,12054,9436,8004,13015,11988,12780,12157,11576,11965,18627,23673,23264,15151,13129,12910,14625,17216,13665,13621,14910,18189,24193,21229,22934,19988,22323,21955,21756,27806,28089,25310,19766,21547,23146,18723,25371,26078,25456,19562,26144,26397,19344,26052,39195,22238,42231,32152,30313,38593,32219,30564,39139,33113,32627,34799,38427,35359,39288,45522,62955
"WEOS","News","4. Small (<$2M)",FALSE,19,56,,,,,,,,433,2216,1747,1555,1178,1159,2079,2110,2064,2129,1873,2662,1424,2297,2286,2282,1427,1650,2409,2799,2154,1876,1456,2255,2683,3649,2391,1997,1775,5426,2364,2472,2394,1789,2059,2027,1643,2344,2060,2044,1680,1691,2408,2491,2148,1729,1452,1378,1386,2112,1898,1909,1343,1700,2367,2042
"WESA","News","3. Medium ($2M+)",TRUE,21,63,88381,68455,50378,47915,58398,37367,50925,44049,47050,51555,48237,50181,49785,56047,67373,50699,55499,68803,58321,54566,64089,67882,61516,69907,86038,86068,86766,73325,98317,115466,101711,115798,198564,254930,142816,123408,139574,103090,140359,115464,131822,201768,152756,115168,122485,138944,132606,116412,182856,118191,163857,126696,114870,118120,155299,147611,167366,466002,159156,178394,161548,165526,308563
"WESM","News/Music","4. Small (<$2M)",TRUE,21,63,13799,11709,8407,5628,2852,3188,3117,2764,2033,1431,1146,1149,1194,1371,1299,1460,8023,2266,2110,1826,2139,2005,1524,1389,1420,1883,1345,1494,1577,1961,2212,2203,1505,1407,1589,1943,1671,1873,1625,1274,3421,2022,3060,3399,3325,3884,8391,2438,2440,2641,3135,11032,9532,2235,2735,3942,5582,4289,4418,4087,7947,3841,6597
"West Virginia Public Broadcasting","News","3. Medium ($2M+)",TRUE,21,63,70756,91826,90465,97110,253321,69388,99464,74697,71928,70897,62981,74359,82502,114220,94447,104025,132642,135764,80349,84310,66299,71417,72219,90687,84600,90262,138085,91781,75321,97840,72928,76961,78238,123142,69982,74963,103145,113439,95395,73801,80790,75870,67485,93924,80811,109266,92112,67496,131011,162055,143625,107752,90953,96677,111718,86737,113004,114606,94689,161888,138893,174660,312699
"WEXT","Music",,FALSE,16,48,,,,,,,,,,,,,,,,1567,3986,3626,3435,3471,3624,3744,4485,4326,4457,4244,5243,4064,4594,5103,5100,4361,4354,4006,4123,4245,5103,4025,5055,4356,4968,4225,5505,4126,3976,4550,4434,6293,5207,4907,5207,4340,4561,3841,4255,5368,5633,5753,5822,5674,4956,4751,4327
"WFAE","News","3. Medium ($2M+)",TRUE,21,63,63053,54923,68035,52803,54572,55586,49883,47644,42838,41540,40722,31154,48680,45696,57555,52386,96999,61740,57319,90424,63099,54236,61473,54300,63355,56335,64133,62558,70186,60232,70832,87454,66725,61941,72353,54260,60998,74718,109707,95136,111094,94471,98396,93846,152076,277986,233286,376171,169477,176639,140853,158790,176386,112068,230048,183920,179058,218315,251023,434458,236561,294714,392264
"WFDD","News","3. Medium ($2M+)",FALSE,4,10,27973,18347,17428,23896,17675,17375,16825,19186,19630,16150,,,,,,,,,,,,,,,,,,,,,,,,,,,,,,,,,,,,,,,,,,,,,,,,,,,,,
"WFIT","News","4. Small (<$2M)",TRUE,21,63,5805,5912,7038,5578,4253,3996,4027,4369,5707,4875,4320,3416,3659,3923,3812,4021,3435,3590,3816,4314,4826,5494,5100,3453,4557,4788,5133,5085,4749,4102,4353,4892,5418,5133,4649,4322,4831,5387,4853,4997,4388,4388,4480,5582,5605,6563,5856,5168,5085,4769,6228,5170,4627,4634,6609,6164,7645,6713,7075,5077,5727,6141,6524
"WFSU","News","3. Medium ($2M+)",TRUE,21,63,35960,22329,26558,26751,27405,26561,25937,27541,25294,30850,20407,20061,26418,49706,45717,27692,24200,37453,27362,34661,33978,35083,38228,28496,27965,32178,36461,35691,30928,31079,27791,25427,37612,26305,21447,21296,27274,31418,34078,32437,30805,35696,36937,49665,35978,58958,39592,35153,37806,40513,44456,34378,27403,34732,46084,88374,49784,60789,49975,46347,50592,46265,131063
"WFUV","Music","2. Large ($5M+)",TRUE,21,63,140304,125855,146743,78981,31941,29072,26155,27122,24131,22339,23875,47448,96777,89734,96762,107679,92887,92263,79092,79657,80233,87723,84508,84749,88214,76504,84500,79728,86914,73804,63417,66091,59185,72758,63730,66355,59918,63757,66568,66125,65890,64241,60543,70202,67432,72467,70768,73777,67521,63801,67691,67647,62841,62588,59980,62775,63920,64276,67308,67493,65449,66571,76854
"WFYI","News","3. Medium ($2M+)",TRUE,21,63,38868,116453,106134,39480,23181,72954,33373,8362,3956,6124,42244,4605,15620,58642,14198,6783,3427,3038,6209,3584,14388,3272,32263,13105,6365,6171,7573,5276,6279,5192,19761,6660,6858,15472,6535,4085,5424,5170,7618,7576,12013,12971,21601,12134,9742,12093,10448,16761,19885,13950,43623,10822,9288,22356,22752,29299,21813,68896,43352,10286,13436,15035,22266
"WGBH","News","1. X-Large ($10M+)",TRUE,21,63,183128,229459,150837,151153,143517,142014,178420,176121,139383,146352,158607,159279,98184,18978,18020,15642,16697,18150,21749,22053,44054,51544,68499,63689,69511,59279,481396,393131,435254,384715,459342,351090,343986,938398,387924,349166,391696,383072,403834,366292,326158,434473,307311,300737,565360,440166,426589,332529,412065,432747,379053,431911,895182,468896,478711,423851,435298,457105,562563,551284,689136,576275,940243
"WGCU","News","3. Medium ($2M+)",TRUE,21,63,35458,27669,23550,21387,19802,20597,23275,24525,20673,22674,14858,8536,23704,22690,16509,18488,13013,9201,11507,27583,11980,14673,14131,17469,23587,27309,34559,32437,42702,38399,34353,41611,139544,28355,39287,31121,33793,35155,36859,37343,36898,31585,42404,45479,41276,39822,39335,51314,43824,39391,43776,42187,44557,29943,23053,30786,29861,28681,54630,30235,59283,40566,54317
"WGLT","News","4. Small (<$2M)",TRUE,21,63,6714,10431,11192,9892,11591,10494,9346,9086,10269,8939,9268,9486,14153,21162,44332,12723,25350,17144,29390,16172,19496,130597,21125,15540,14831,27714,35550,20852,26134,19447,94166,60870,90064,84372,55177,51345,56559,49599,93685,78926,63347,58474,60173,57431,59273,60021,75309,116728,115004,58551,69458,73125,67970,87250,96198,85108,96845,118900,97549,135870,127592,133892,319035
"WGTE Public Media","News/Music","4. Small (<$2M)",FALSE,8,22,11867,10295,11440,9275,8483,9875,7346,7823,7527,9117,8506,8892,9498,8723,9624,8984,7192,7407,6803,6711,7894,5585,,,,,,,,,,,,,,,,,,,,,,,,,,,,,,,,,,,,,,,,,
"WGVU","News/Music","4. Small (<$2M)",FALSE,19,55,,,,,,,,,1474,1798,1844,2090,1664,2403,5246,4312,3488,4663,3544,4752,3152,3404,4030,3298,2766,4646,4680,3920,4932,4557,4713,4572,3790,5564,4735,7171,5577,6159,6003,5176,4978,5382,7066,8350,5826,7131,6359,5857,12121,6917,7508,15945,5977,5270,6395,7717,15709,41862,14741,14986,15452,10050,26836
"White Pine Community Broadcasting","News","4. Small (<$2M)",TRUE,21,63,19429,15631,15161,11309,9627,8020,7783,6878,6291,6105,6562,6218,10584,6337,8026,8683,7499,7546,8907,8990,13818,6753,5978,8946,13573,10030,10163,10066,8467,8163,9617,7634,10060,10066,13180,9592,14567,14358,10550,24976,13424,15653,15173,14896,13042,17596,20556,15896,35188,21061,29055,22322,26042,22701,30296,39257,39554,32007,46966,89121,63370,48390,58892
"WHQR","News","4. Small (<$2M)",TRUE,21,63,12545,12363,11179,9802,11391,16730,11605,11552,11865,12400,10017,10020,13064,12098,14162,11273,12115,13334,11002,12889,12886,16658,13575,13714,14214,13792,15648,14468,14155,39073,16876,17062,15559,16930,20542,14178,16034,14577,14777,14985,19171,14724,16103,13333,32680,17899,20636,14187,15113,14378,12881,12337,11649,12205,15915,16438,20333,25589,26682,15347,27267,23235,54496
"WHRV FM","News","2. Large ($5M+)",TRUE,21,63,15577,14348,15088,12754,11379,12900,11781,13100,12148,14413,12107,14373,14924,14184,14793,12738,12433,12952,12590,12867,13336,14633,13455,14548,16123,13876,15937,13306,12040,12941,11984,13546,15218,8746,3419,5932,3221,2593,5070,4280,2652,2896,2249,2928,3179,2556,2940,4487,2650,2433,3214,2867,1877,2899,2168,4340,5196,3835,3079,5021,3401,3068,4167
"WHYY","News","1. X-Large ($10M+)",TRUE,21,63,552874,460448,599382,515149,520732,629936,550335,552070,548650,507659,502297,581880,846438,580165,544291,535965,530998,459483,538286,485667,507080,484884,516578,535806,554936,511653,541566,499572,508083,507906,552884,712325,538077,481404,475850,419211,605199,601303,538963,551423,564015,481044,555560,624243,611987,714019,667946,611524,743001,690878,825812,849332,833358,870100,1097233,925125,877705,898443,955186,947276,1113963,1158824,2666381
"Wisconsin Public Radio","News","2. Large ($5M+)",FALSE,4,7,,,,,,,,,,,,,,,,,,,,,,,,,,,,,,,,33546,,,,,,,,,,,,,,,,,,,,,,,,57938,398727,516432,463612,377730,426775,,
"witf","News","3. Medium ($2M+)",TRUE,21,63,88932,71862,80042,69532,67950,65444,67609,73339,65733,66501,65639,66216,94557,77633,79144,72399,61762,63093,68050,80739,73018,83539,71303,63726,78200,83879,80635,67638,72843,64254,89602,76911,80774,74812,73298,70424,120133,75893,103528,97896,98582,87937,183727,108768,92917,118912,175783,105759,129550,146494,123002,133368,120977,102274,115862,112287,79519,113725,34616,8649,6334,3088,1276
"WITH Radio","Music",,FALSE,17,49,,,,,,,,,,,,,,,285,774,645,624,682,680,748,971,954,1062,1184,926,1135,1133,1196,1139,1033,1083,1193,1284,1277,2265,2327,1906,2043,2110,2795,2118,1243,1187,1035,853,767,1433,1235,989,895,1381,1192,891,1705,1357,2369,2748,2111,1748,2457,1869,1431
"WJAB","News","4. Small (<$2M)",FALSE,13,37,,,,,,,,,,,,,,,,,,,,,,,,,,,241,888,1919,1025,853,1068,2227,3372,1819,868,817,1042,922,1001,1008,894,1123,1055,1725,1614,1167,872,1274,1164,1134,1121,1090,835,1042,1566,1841,1656,2062,919,2535,1321,1196
"WJCT","News","3. Medium ($2M+)",TRUE,21,63,33086,32041,32872,34464,45851,42890,44248,38590,36894,32057,33401,32692,37454,35102,45963,36510,32368,49798,41156,46732,33134,82857,61118,32410,33505,82397,39359,40160,35224,33839,32810,37287,56320,43250,42370,37002,41095,43302,51493,51892,132051,69783,73626,112491,65739,108556,89195,114213,92731,112045,104737,135435,131033,98415,122176,136158,198291,140977,155780,107809,170101,99304,135772
"WJSU","News/Music","4. Small (<$2M)",FALSE,17,45,10401,6474,4844,3989,2619,2081,2012,1015,959,,,,,,,,,,484,460,,,,,,,642,,,692,736,862,676,2594,908,663,874,493,661,581,,571,649,515,514,2228,1367,1527,1062,1477,5062,49566,2804,1167,2160,9908,36655,4391,23666,59191,4335,8713,2112
"WKAR","News/Music","3. Medium ($2M+)",TRUE,21,63,37710,31126,32480,27658,27107,22855,21171,22281,23031,27701,29884,33426,38267,28715,31515,25481,26679,24516,23029,23057,24304,29901,25500,31288,48907,32207,34643,35663,50522,33533,47055,33994,30763,33033,34103,31505,37549,44473,50308,140756,48020,43126,46001,41129,37297,46425,60470,45833,83562,62508,44887,35188,35718,49786,36109,42063,45254,76248,36523,53856,42847,39186,94467
"WKMS","News","4. Small (<$2M)",TRUE,21,63,25693,26375,25216,18383,22498,26313,26075,24938,31609,29088,27814,19259,42409,60819,41888,39698,38766,31974,32395,28363,53013,34697,37614,29175,41551,37036,37517,31727,46316,44625,47040,58666,43589,50132,43516,41628,70548,55252,89190,50788,73591,40129,65833,48788,38384,59955,74132,53734,52694,50801,51976,49726,49719,63528,47494,113443,49826,52741,91210,47784,54285,77215,133259
"WKNO","News/Music","4. Small (<$2M)",TRUE,21,63,18597,16205,13361,10124,8288,6910,7288,7135,7655,6586,4978,5763,6400,19894,10024,7717,8348,6439,7344,8731,7184,8325,9006,9150,10324,9834,15121,12601,12538,9488,8537,8688,10628,8858,7835,7581,8610,8000,8641,9006,8141,8300,8600,8998,8025,8792,9959,7865,8391,8484,10046,9028,10622,10009,10368,11307,9696,11436,10486,10409,10205,6559,32504
"WKSU","News","2. Large ($5M+)",TRUE,21,63,68554,61852,77491,64565,66747,64954,83352,58167,57850,60074,58627,58366,55623,59033,69293,68122,63773,57402,69288,64652,62402,69249,75221,81792,68640,64877,81342,59336,60274,57045,58230,59799,58986,61252,67773,62143,73908,63433,69375,68235,84230,62718,62767,59387,64301,83984,97077,66550,77636,68856,66435,68142,57696,54316,63553,63455,56594,53440,85775,70031,108368,103608,542498
"WKU Public Radio","News","4. Small (<$2M)",TRUE,21,63,10026,16042,8240,10457,5400,5411,4876,4931,5332,4532,4421,4068,5511,9618,8702,9532,8249,11911,8839,9885,10749,8286,8578,7178,9360,12600,15139,26772,9282,9964,14766,19625,28412,19845,13609,7726,12568,13450,15799,15629,21523,16562,18635,13606,13098,11733,18295,12024,21105,14362,18771,18696,16097,15581,19649,21961,23907,19177,88728,21111,27581,21284,45825
"WLRN","News","2. Large ($5M+)",TRUE,21,63,103108,98662,113535,91034,77141,116144,99026,101185,72381,79238,75861,73800,99953,84937,81767,78685,99523,105045,86731,94321,85802,175703,86413,85309,95705,97568,153244,126081,130217,174626,119948,134250,279530,132986,117406,104817,131925,162641,149314,140751,299884,136136,177862,169973,131800,227218,355582,180519,216298,203613,194029,173556,184648,195875,184073,244737,221938,234160,217999,167278,235157,321011,1092758
"WMFE","News","3. Medium ($2M+)",TRUE,21,63,18936,20882,28927,21713,19342,20656,30995,23583,37029,30732,27496,26166,32080,40255,33909,29794,31420,40181,26429,29996,30074,48000,42044,34081,36540,33359,40894,30891,35377,33856,37214,39502,23869,20870,21397,22160,24259,22601,28194,29152,28165,24885,23381,26888,25763,24522,27578,50139,65606,46200,49651,48335,46908,48672,41694,72900,64051,49785,62487,40901,50164,52719,205354
"WMHT","Music","4. Small (<$2M)",FALSE,18,53,41310,34314,35142,27501,22423,24770,23675,26524,23856,24338,28623,30544,33039,29496,34760,23603,23227,22432,21908,24322,25857,26707,23600,27559,27047,18404,26073,18383,17568,18659,15340,16965,17276,17137,18209,20230,19112,15501,19283,16079,15932,16307,43300,15474,15122,17603,16410,17760,18958,16283,17737,15640,7724,,,,,,,,,,
"WMKY","News","4. Small (<$2M)",TRUE,21,63,17170,19046,12625,9420,5307,4281,8703,6265,3257,3638,2919,2095,5235,3682,3337,3110,2975,2241,5299,3128,4068,3397,8991,3218,3979,5406,7383,7508,4691,6086,5551,11537,5918,6228,5280,5893,9532,13391,7188,10765,9340,7261,11094,8182,12864,45601,50250,15121,17683,12260,12340,10734,13601,15778,11507,15505,13460,36327,22031,11976,12848,22164,21879
"WMNF Tampa","News/Music","4. Small (<$2M)",FALSE,3,7,3369,3129,3379,3460,3387,3128,2241,,,,,,,,,,,,,,,,,,,,,,,,,,,,,,,,,,,,,,,,,,,,,,,,,,,,,,,,
"WMOT","News/Music","4. Small (<$2M)",TRUE,21,63,17528,19588,9876,6730,4582,4513,5167,4222,5147,7453,4002,2947,3307,5275,7923,4538,7084,4786,5257,4639,9854,8688,9465,13269,12595,12654,16945,18791,12846,15325,29346,12096,24873,12408,14347,12094,14147,10380,12808,13126,12140,15233,13383,8581,10993,10731,11087,13388,12619,12486,13325,10151,12056,10790,15084,25348,27236,15811,56072,15688,22063,12098,58342
"WMRA","News","4. Small (<$2M)",TRUE,21,63,29981,26049,20119,13459,12285,14120,12398,105391,15056,10929,8858,7783,9092,19626,12514,9300,8517,7481,6887,8455,15324,8689,10358,10033,15274,13255,11618,11858,9122,8939,7349,16790,14197,9511,9171,11977,10606,10081,11924,11918,9742,11905,9624,10345,12416,9917,24458,9951,11620,12538,9684,15152,8484,13941,12345,9718,10324,11510,11273,11383,11538,10524,12968
"WMUK","News/Music","4. Small (<$2M)",TRUE,21,63,13474,14104,14260,13752,15185,11571,14092,14070,15088,13700,13935,16275,14306,19575,26407,13765,13031,19107,17923,14796,16753,14002,11623,13248,12531,13779,13986,14218,10519,9436,15131,15536,13982,12796,14907,15153,13210,14708,13871,14441,16974,13095,15334,11774,13688,15162,13868,9737,15995,15577,12953,13911,10313,10355,17348,18578,12140,13630,13632,43343,13078,14672,33875
"WNCW","News","4. Small (<$2M)",TRUE,21,63,33912,27247,28456,22656,19169,18309,19688,18107,18646,20332,16279,22411,20460,17654,18963,19646,18174,18324,20143,18841,17995,18931,18881,27452,21051,19229,23904,22989,20808,21268,21400,23423,23634,26086,24858,27518,28194,25589,30135,29237,27552,28279,31387,26923,28641,30568,30977,42705,38489,35801,36962,41239,36108,34298,34708,35428,34958,39379,35391,40208,37843,30965,33521
"WNIN","News","4. Small (<$2M)",TRUE,21,63,1118,611,726,1012,967,808,544,442,445,723,457,462,887,1022,905,1068,984,1200,1561,1175,562,862,564,531,1017,809,706,881,994,659,1488,1527,880,941,636,1142,1254,1056,1303,1243,1889,2400,2175,2169,4302,2186,1957,1541,3211,8612,3087,1503,3690,4653,4221,3133,3274,4324,4427,4060,4106,5996,7132
"WNKU","Other/Unknown","4. Small (<$2M)",FALSE,6,16,26437,24703,23475,17323,15250,16810,15557,15889,13756,15696,13839,13968,15611,12541,13587,2877,,,,,,,,,,,,,,,,,,,,,,,,,,,,,,,,,,,,,,,,,,,,,,,
"WNMU","News/Music","4. Small (<$2M)",TRUE,21,63,22515,14950,11610,12035,8176,12056,8435,7589,9510,7104,7035,9735,11823,9381,7279,7171,8420,9786,10625,7424,8629,7571,6853,6801,10906,25926,13847,16085,9855,8331,11312,10260,11672,13883,9973,9406,26175,15864,16635,10343,14923,15881,17813,19369,13885,8983,8503,8998,14039,10973,9347,5869,7440,7635,10746,10152,16817,17094,15640,12915,19695,23990,36026
"WNPR","News","2. Large ($5M+)",TRUE,21,63,133400,69360,85005,98887,74114,78050,89576,73838,75999,91209,87196,80169,83284,93631,72646,88649,74815,80109,69994,80941,67905,73175,79687,75014,70140,66014,73174,70846,76525,66923,82290,80660,75584,126109,96567,65233,80177,78912,88506,85276,87553,82313,77317,71920,68168,92203,98293,76176,104820,81941,115713,92112,86820,85612,78667,77347,93782,90751,103153,101625,113242,84746,164348
"WNTI","Music","4. Small (<$2M)",FALSE,4,10,4807,4031,4549,4225,4146,4619,5314,3894,3679,5069,,,,,,,,,,,,,,,,,,,,,,,,,,,,,,,,,,,,,,,,,,,,,,,,,,,,,
"WOSU Public Media","News","3. Medium ($2M+)",TRUE,21,63,86809,76442,101429,86550,106819,66925,57865,58534,61119,83221,101473,96142,138399,104954,77905,65279,68706,74256,94996,91007,66751,77156,94361,125949,107451,114216,117086,157605,145351,102340,142597,144007,236483,198016,155349,124295,154527,165271,171877,172645,190313,173664,159213,237709,220502,189976,473340,175691,265915,181156,230191,232517,446953,364646,373034,284103,474604,336658,297556,547538,255903,244114,755534
"WOUB","News","4. Small (<$2M)",FALSE,5,13,,,,,,,,,,,,,,,,,,,,,,,,,,,,,,,,,,,,,,,,,,,,,,,,,,,11175,26968,37046,42664,30897,39448,50629,52791,65232,52861,43588,41892,130520
"WPRL","News/Music","4. Small (<$2M)",TRUE,21,63,12108,7075,3265,3020,1013,995,963,790,1633,1624,1100,778,595,688,555,450,507,432,213,318,1533,1044,2019,1129,1090,2377,1602,720,705,696,2254,894,2852,1783,1952,1067,1361,910,951,674,543,502,718,1056,2056,2799,6267,3306,2590,3146,2393,1567,1844,2165,3764,6136,16956,13296,11386,10458,11592,4916,3798
"WPSU","News","4. Small (<$2M)",TRUE,21,63,42469,44053,26500,10301,9806,10304,6835,7922,5964,8335,8786,8132,23607,21071,9444,9253,6906,8339,10265,13838,9527,13175,11901,17842,24386,24042,28489,12675,14733,15004,12370,15481,14706,15900,16003,15884,22097,25417,19531,16566,35758,20966,20129,17936,15330,17418,25567,12826,38936,43627,36990,29988,24414,42112,25310,35155,28120,38333,33304,33620,35564,23038,94189
"WQCS FM","News/Music","4. Small (<$2M)",TRUE,21,63,17293,12157,10035,7009,4335,3613,4343,4587,3922,5499,3219,3307,3187,3133,3644,3076,3226,3625,3768,3495,3551,5136,3689,3984,4539,4176,4716,4600,3902,6109,3978,4550,5969,4178,4078,2625,1685,1631,1801,1742,2976,1817,1628,2390,1948,2211,1976,2789,4293,5860,3024,2759,2713,2297,3116,5134,5464,5198,3981,5038,6800,5402,6079
"WQED Multimedia","Other/Unknown","4. Small (<$2M)",FALSE,9,23,27885,26067,30756,25020,21828,21999,21418,23509,23821,23755,23777,26424,32071,29606,28192,24801,25166,23269,24300,24383,25615,5290,,,,220,,,,,,,,,,,,,,,,,,,,,,,,,,,,,,,,,,,,,
"WQLN","Other/Unknown",,FALSE,3,8,,,,,,,,,,,,,,,,,,,,,,,,,,,,,,,,,,,,,,,,,,,,,,,,,,,,,,,,1258,7851,7984,7727,7135,9519,6910,8486
"WRKF","News","4. Small (<$2M)",TRUE,21,63,8247,8934,43973,7402,5267,5223,6659,6467,7055,10442,5284,4922,5834,9898,5248,5183,6147,6377,6089,5428,5137,6356,6550,6091,5860,5196,6785,9147,7764,6322,7101,7687,6103,6752,6211,5026,7555,5270,6277,6774,7222,6527,6811,5964,5984,7198,7572,5261,7215,6877,6375,7674,6554,5563,6920,6876,6950,10763,8153,9381,9333,7770,26685
"WRTI","Music","3. Medium ($2M+)",TRUE,21,63,32331,30698,34972,31509,30245,29172,28052,28399,31943,42297,33966,31663,32058,32715,35115,33331,33348,30266,29112,31568,33152,36417,35579,39247,40668,41973,45436,42327,44394,37249,37011,38779,51103,44954,42025,47644,50456,47260,51029,51657,51954,46521,49976,49082,55055,55327,56632,67390,68848,67688,73868,68555,63709,58459,59823,57332,60770,68988,73693,79403,74898,74444,88980
"WRVO Public Media","News","4. Small (<$2M)",TRUE,21,63,36216,33717,43160,30786,26320,34266,38040,34159,35792,36507,36021,39945,40205,41544,56567,52816,40641,39968,34928,48887,43769,36342,42907,37679,42001,34819,39704,44009,45941,33399,38266,46284,40224,43746,36554,31367,39658,40576,31805,31930,32194,29692,38006,35277,24680,28397,39725,38436,61712,44843,41471,40340,38067,40621,50706,43141,33135,55124,51309,45017,57250,44471,95776
"WSHU","News/Music","2. Large ($5M+)",TRUE,21,63,15166,14570,21638,12690,17156,13107,17997,14501,14516,16205,77779,17731,20669,30841,23056,20602,22471,21351,20893,28117,18136,52906,27948,24789,25080,21978,28063,22518,20244,17570,21629,21617,21143,22994,24401,21526,22021,27507,27368,293060,52094,29023,32195,29730,31688,55125,55235,39487,41424,40484,52943,45505,40505,43623,41243,41175,94715,46905,44266,52724,49505,45474,110375
"WSIU Public Broadcasting","News","4. Small (<$2M)",TRUE,21,60,4478,7235,7293,6398,,2765,9730,7771,2723,3365,,,7159,7811,6564,9257,6660,6195,2773,8945,3498,2814,6353,7925,6398,7000,7008,8728,8794,6355,8615,5689,3554,5655,6059,2864,7510,6791,9889,7171,16388,7347,13222,8893,8886,13370,15565,10968,14040,12424,11325,11967,9384,5811,10660,12057,12683,14339,13880,15756,14859,12178,287630
"WSKG Public Media","News/Music","4. Small (<$2M)",TRUE,21,62,18481,17126,16106,15324,11268,12780,12218,7482,6028,6276,5169,4108,5860,5471,5411,4798,3436,5070,3712,3131,3702,3473,4922,4206,4597,5845,17108,7922,7607,9373,11413,10821,6183,8398,7194,2909,,14480,18107,16195,15512,16310,14336,18009,18377,17058,20836,16886,24705,25309,20635,21728,19441,17807,18297,18751,22480,24637,27860,24129,31341,23695,85577
"WSNC","Music","4. Small (<$2M)",FALSE,12,34,,,,,,,,,,,,,,,,,,,,,,,977,1178,1468,1682,1395,1204,731,795,900,691,794,1117,1053,980,1126,1176,1306,974,1259,1108,1238,1075,798,978,726,856,1548,1105,984,618,875,929,1035,1205,,,,,,,
"WSSB","News/Music","4. Small (<$2M)",FALSE,17,51,,,,,,,,,,,,,57,116,440,166,127,113,201,111,157,192,87,81,90,107,207,122,191,264,328,356,309,660,553,479,660,288,277,312,244,251,278,255,207,232,176,218,288,258,180,270,265,229,211,260,267,295,307,256,280,260,189
"WTEB","News/Music","4. Small (<$2M)",TRUE,21,63,18967,14670,13765,13110,9502,9903,8370,7128,9590,5399,4615,6107,5701,7283,6878,6811,7000,6001,6205,5922,5871,7987,5059,5308,6390,5384,7226,6110,5562,5371,64368,5896,5807,5288,5422,4955,8004,6998,7331,7731,9018,9548,8846,8059,14659,7669,7365,6145,7042,6656,6390,5479,5301,6836,8072,9366,10208,10283,11864,11586,9829,7903,28201
"WTMD","Music","3. Medium ($2M+)",FALSE,1,1,,,,,,,,,,,,,,,,,,,,,,,,,,,,,,,,,,,,,,,,,,,,,,,,,,,,,,,,,,,,,,,23671
"WUCF-FM","Music","4. Small (<$2M)",FALSE,20,58,6557,6222,6489,5801,6038,5710,5547,6282,5996,5507,5281,2972,3247,3138,3283,2996,3216,3106,3004,3355,3506,3437,3479,3560,3745,3516,3547,3213,3247,3316,3252,3463,3811,3246,3688,3235,3207,2464,,,,,,1181,2041,2369,2308,2387,2354,2411,2755,2299,2093,2164,2118,2435,2273,2315,2424,2045,2525,2481,2341
"WUFT","Other/Unknown",,FALSE,1,1,,,,,,,,,,,,,,,,,,,,,,,,,,,,,,,,,,,,,,,,,,,,,,,,,,,,,,,,,,,,,54,,
"WUFT-FM","News","3. Medium ($2M+)",FALSE,19,55,27625,33140,34143,51456,24230,35897,41042,38810,65329,49987,113281,43872,61462,81164,97195,85211,45749,61580,68690,62296,152861,144549,105907,55283,103336,102970,104471,102846,62823,72648,52515,58694,106998,111798,50779,41336,49735,65149,71874,78814,51806,51084,57793,65477,53955,79233,70151,53723,53052,59619,71361,110096,71107,49719,64161,,,,,,,,
"WUGA","News","4. Small (<$2M)",FALSE,12,34,,,,,,,,,,,,,,,,,,,,,,,,,,,,,,3788,6981,6825,5553,5632,4980,4881,5868,5537,6426,7661,9432,6033,6264,5279,5677,8314,5842,4868,5739,5550,5493,10896,8833,9366,5471,8142,8015,9907,8365,8504,7783,10910,24297
"WUIS","News","4. Small (<$2M)",TRUE,21,63,32889,30643,22794,16422,22482,27528,38565,29745,27653,31067,25622,23539,26551,31977,39133,30422,39259,32999,12896,22483,22800,23802,34641,19424,29111,29856,39329,51240,33763,34052,29748,40549,29850,44973,33726,31333,45564,54043,54488,95993,106094,53924,49879,69870,47071,62265,71854,55732,68936,66247,78444,77574,148226,64442,54943,75527,55716,80122,53442,58755,86756,75768,183654
"WUKY","News/Music","4. Small (<$2M)",TRUE,21,63,27555,16354,18119,14154,10458,10805,11020,10487,9446,8470,7675,8690,8509,10662,12722,11894,9811,7786,9520,9369,8656,7042,7498,6924,10150,22997,11735,11506,11756,11712,15771,28662,11110,10471,14091,7952,9260,9468,10214,10859,11753,10626,14168,12973,10409,57879,15254,9025,17173,13385,16192,14565,11162,8595,23891,14709,10903,13093,13067,10985,16610,21115,26694
"WUOT","News/Music","4. Small (<$2M)",TRUE,21,63,20331,16325,12940,10922,7351,9625,7811,8022,7499,7933,7780,6663,6670,7133,7912,9449,6567,7316,7224,8030,7593,9691,9528,7816,9464,7941,9585,7859,7230,7266,8832,8426,7408,8891,7709,7990,8440,8068,8886,8700,8427,8165,9546,7981,9417,8105,8195,7565,9224,9657,16395,8782,8442,7657,8444,9205,14024,10689,12601,11032,14014,11613,19043
"WUSF Public Media","News","1. X-Large ($10M+)",TRUE,21,63,45799,54328,47236,45171,45535,47977,50028,45339,37340,65800,1318876,43552,57762,53955,58608,81799,372935,187817,55069,59014,59404,88134,62942,47439,78086,77883,61318,57019,70024,57349,62759,79427,903332,74548,70023,50547,69938,57611,60470,62487,67470,65369,58940,96547,66051,83534,70572,62447,77228,81615,78330,71903,89048,86049,100330,111144,101642,154116,146820,149400,186212,160070,532231
"WUTC","News/Music","4. Small (<$2M)",TRUE,21,63,19457,13565,10851,8588,5839,5875,6466,6575,5686,4922,4586,4220,4716,5795,5635,4729,5097,4938,6039,6032,4651,11320,7030,6738,6559,6336,17356,6794,5003,5322,5322,5783,4899,5781,4447,4515,5071,4397,5207,5532,8020,4622,5613,6924,6619,7118,7448,4561,5846,5427,5143,5447,5525,5592,6232,7050,7554,6293,8748,6124,7626,9504,9238
"WUWF","News","4. Small (<$2M)",TRUE,21,63,25635,18735,16649,13694,11948,10895,11618,10656,10301,9003,8849,8529,9510,11370,13307,14013,11021,10222,10825,12727,14776,10692,9732,9139,10893,14771,18388,15703,11424,9801,12781,16037,74400,11882,10027,8478,13961,9585,10466,9988,14140,9149,10365,14810,11618,15303,11008,14804,13138,15157,13339,10981,16229,13979,18980,18284,23959,21061,15890,30304,23207,20436,83875
"WUWM 89.7 FM - Milwaukee Public Radio","News","3. Medium ($2M+)",TRUE,21,63,62572,76743,72852,63412,58777,47672,94504,45878,44257,45036,43004,58502,56280,59092,83097,91508,65701,67309,64955,84548,87698,77732,63429,66202,66466,131776,86855,103811,67959,62202,55887,59413,64589,136866,68485,63240,68423,63486,66790,68884,76757,71073,71018,87002,82613,101798,193427,102215,120142,94376,118146,105759,81019,82512,86813,112118,114212,150302,163287,196420,248811,325526,399767
"WVAS","Music","4. Small (<$2M)",TRUE,21,63,16683,13471,11575,6616,3319,2859,3100,2815,2035,1853,1412,1543,1624,1782,1771,1596,1634,1645,3033,2626,2357,2488,1808,1431,1726,1492,1616,1495,1433,1397,1542,1802,3003,2319,1824,1504,1466,1246,1945,1467,1458,1320,1826,1745,2326,1962,4296,1755,1468,1289,1418,1704,1754,1238,1200,1566,1969,2071,1554,1696,1519,1203,1764
"WVIA","News/Music","4. Small (<$2M)",FALSE,2,4,12267,10972,14737,13385,,,,,,,,,,,,,,,,,,,,,,,,,,,,,,,,,,,,,,,,,,,,,,,,,,,,,,,,,,,
"WVIK","News/Music","4. Small (<$2M)",TRUE,21,63,2875,2314,5243,3570,3028,3114,4100,3728,4857,4395,3699,4591,6272,6864,5158,5707,5189,4561,4594,5203,5784,8418,6095,7305,14787,8392,10125,9540,8585,12925,8422,10521,10066,17498,22053,17434,30532,20824,14216,11125,10926,8848,12244,9650,8842,11133,12569,7904,11157,11703,19443,16220,17370,14595,15261,15889,20700,31955,17992,21588,18597,23683,45248
"WVTF & RADIO IQ","News/Music","3. Medium ($2M+)",TRUE,21,63,34585,30787,37097,27409,24550,29306,25942,26189,28990,30799,27497,25094,24577,27183,51568,30195,36666,33301,29362,32877,33663,36269,32685,31957,38877,37581,42056,34452,39121,86861,37866,54331,47398,45448,33872,34136,38294,33371,41234,39271,56191,47633,56771,48447,42422,48334,43266,41560,47722,44076,43994,38593,43725,38679,42026,48010,50827,52058,68883,48929,106577,61836,94079
"WWFM The Classical Network","Music","4. Small (<$2M)",FALSE,13,37,,,,,,,,,,,,,,,,,,,,,,,,,,,2045,7919,6404,5623,5601,5429,5608,7292,6973,9299,6787,6091,7075,6847,6875,6462,6906,6122,6376,7462,7893,9559,8399,7595,7457,7124,6667,5960,5660,5680,6534,7523,7315,9831,8061,7724,8084
"WXPN","Music","2. Large ($5M+)",TRUE,21,63,222375,154563,227941,232511,200082,221439,233737,245813,208482,205387,238402,150875,157833,145811,156139,153721,137100,128380,188882,167978,150644,125593,136754,190278,149077,155087,194567,176245,182423,163888,208050,151932,147031,136899,136298,151894,143186,134741,134350,130972,127761,125104,145861,137506,132883,120679,133389,137344,135861,132247,133210,134864,126537,127178,162494,305496,144364,128445,127557,139486,135895,118150,111719
"WXXI Public Broadcasting","News","4. Small (<$2M)",TRUE,21,63,34184,42892,48048,39883,34879,38667,36545,43563,42037,42454,38018,39792,52916,44104,52900,46033,40645,36440,36156,35275,39137,39831,51914,46391,52048,69863,67989,51490,60068,45072,46875,56745,58548,70476,62513,54314,58125,54897,61899,63743,76081,58509,64056,69187,58216,71722,63707,89809,99809,72884,70625,67598,85510,74093,80485,84583,85179,90815,98908,86839,103627,115954,275122
"WXXI Public Broadcasting (Classical)","Music","3. Medium ($2M+)",FALSE,15,43,,,,,,,,,,,,,,,,,,,,,3682,6015,6169,6989,6596,6198,7501,7252,7040,6428,6595,7546,10340,8566,9125,9417,9529,7956,9753,11611,7881,7102,8041,7712,8773,9887,10068,10765,11151,9165,9123,9421,8642,7975,7850,9383,9655,11085,10952,14657,12868,9886,10301
"Wyoming Public Media","News","3. Medium ($2M+)",TRUE,21,63,47637,46753,33702,52597,31535,31536,28811,31883,28746,27822,32441,28854,31269,26966,39211,47179,42799,29567,30077,34400,28017,31048,31720,26722,33375,40000,28803,33258,33798,28513,48543,37565,34727,35044,40893,34810,35065,32576,46036,47473,64667,60567,97771,60852,74918,59064,64233,52072,63842,61301,69369,78904,82385,48119,59116,56435,61540,60559,53875,56148,86221,87630,134883
"WYPR Your Public Radio","News","2. Large ($5M+)",TRUE,21,63,55231,49305,48323,57428,48803,44404,40176,37794,39542,42259,37342,38962,40347,39482,43534,42517,39978,36903,35096,35030,44049,49871,43713,38139,46357,67726,54104,40284,40802,36191,41469,37770,39960,47006,38917,35450,41425,42470,53471,41029,40990,45575,48723,37740,38273,55415,52593,38761,47203,44158,45743,47046,45068,43603,40617,42104,52208,64742,56220,53425,69581,70491,140516
"WYSO","News","3. Medium ($2M+)",TRUE,21,63,18311,16138,18474,17130,17033,16069,20217,21362,16576,16479,19367,16318,18078,17686,35571,18677,21535,17419,16758,19637,16199,18704,16888,19094,27484,18595,23514,19118,19875,21578,19467,23140,19514,26984,19108,18617,27053,19609,24538,25624,25337,23694,21619,21870,22024,24393,32994,21692,31624,32682,25266,26366,39737,26667,24333,36509,32769,29257,37239,30956,29842,26311,54360
"WYSU","News/Music","4. Small (<$2M)",TRUE,21,63,12238,9294,6921,5749,4779,4803,4118,3279,3830,3197,2638,2686,2774,3125,3165,3697,3360,3087,3304,3239,3017,3801,3529,3781,3500,3855,4468,4102,4093,3101,3067,3327,3758,4312,3804,3334,3437,3456,4330,4761,4477,4258,4539,3736,4668,4968,4944,4826,4766,5658,5413,5152,4422,3607,4567,3380,4893,5855,5649,5562,5030,5121,5613
